Timestamp;Temperature;humidity;battery
2025-08-08 10:49:21;23.485923552300292;52.18738078889143;3.115
2025-08-08 10:59:16;23.542000457770655;50.68741893644617;3.115
2025-08-08 11:09:19;23.82505531395438;53.87197680628672;3.115
2025-08-08 11:19:23;24.15083543144884;53.290608072022586;3.115
2025-08-08 11:29:17;24.404516670481428;52.20721751735714;3.117
2025-08-08 11:39:17;24.714274814984364;51.967650873579004;3.115
2025-08-08 11:49:20;25.125505455100324;50.91477836270695;3.115
2025-08-08 11:59:18;25.59281300068666;50.458533607995726;3.117
2025-08-08 12:09:17;25.56343938353551;50.543984130617226;3.115
2025-08-08 12:29:19;25.504692149233236;51.99511711299306;3.115
2025-08-08 12:39:24;26.00137331197071;50.77286945906767;3.117
2025-08-08 12:49:21;26.340505073624783;48.69611657892729;3.115
2025-08-08 12:59:17;26.751735713740743;48.43366140230411;3.115
2025-08-08 13:09:17;27.26176852063783;44.89204242008087;3.115
2025-08-08 13:19:23;27.624933241779203;46.92912184328984;3.117
2025-08-08 13:29:17;27.811856260013727;46.915388723582815;3.115
2025-08-08 13:39:17;28.303196765087364;44.992751964599066;3.117
2025-08-08 13:49:19;28.108262760357064;45.111772335393304;3.117
2025-08-08 13:59:18;28.303196765087364;45.902189669642176;3.117
2025-08-08 14:09:17;28.82658121614405;43.88952468146792;3.115
2025-08-08 14:19:17;29.08293278400855;44.791332875562674;3.115
2025-08-08 14:29:16;29.619668879224847;47.531853208209355;3.112
2025-08-08 14:39:19;30.567635614557105;31.288624399176012;3.115
2025-08-08 14:49:20;31.272602426184477;31.224536507209887;3.112
2025-08-08 14:59:18;30.04425116350042;41.16884107728695;3.115
2025-08-08 15:09:23;29.988174258030057;43.54161898222324;3.117
2025-08-08 15:19:23;30.22850385290303;39.20958266575113;3.117
2025-08-08 15:29:17;30.890745403219654;36.16540779736019;3.117
2025-08-08 15:39:16;31.657129777981226;31.450370031280993;3.115
2025-08-08 15:49:23;32.43152513923857;29.425497825589378;3.115
2025-08-08 15:59:17;32.61844815747311;29.04554818036164;3.115
2025-08-08 16:09:17;32.53299763485161;29.903105210955978;3.115
2025-08-08 16:19:17;32.68787670710307;27.989623865110246;3.115
2025-08-08 16:29:21;32.743953612573435;34.94773785000381;3.115
2025-08-08 16:39:16;32.68787670710307;31.354238193331806;3.115
2025-08-08 16:49:18;32.348744945449;30.74998092622263;3.115
2025-08-08 16:59:23;32.68787670710307;31.581597619592586;3.112
2025-08-08 17:09:16;32.71725032425421;30.47837033646143;3.112
2025-08-08 17:19:18;32.292668039978636;30.127412832837415;3.112
2025-08-08 17:29:22;32.519645990692;32.0683604180972;3.117
2025-08-08 17:39:18;32.47692072938125;32.309452964065;3.117
2025-08-08 17:49:23;32.75730525673305;33.43709468223087;3.115
2025-08-08 17:59:20;32.66117341878386;33.06477454795148;3.115
2025-08-08 18:09:23;32.46089875638971;31.98596169985504;3.112
2025-08-08 18:19:21;32.73060196841382;33.10292210269322;3.117
2025-08-08 18:29:21;32.39147020675975;32.26977950713359;3.112
2025-08-08 18:39:21;31.950865949492638;34.14053559166857;3.112
2025-08-08 18:49:20;31.571679255359726;36.563668268863964;3.112
2025-08-08 18:59:23;31.601052872510877;36.301213092240786;3.112
2025-08-08 19:19:21;31.04562447547113;36.08148317692836;3.115
2025-08-08 19:29:20;30.83466849774929;37.03822384985123;3.115
2025-08-08 19:39:23;30.524910353246355;37.134355687800415;3.115
2025-08-08 19:49:20;30.666437781338217;37.300679026474405;3.115
2025-08-08 19:59:23;30.848020141908904;36.64911879148546;3.112
2025-08-08 20:09:16;29.91607537956817;37.979705500877394;3.115
2025-08-08 20:19:22;29.37933928435187;39.17448691538873;3.112
2025-08-08 20:29:17;28.644998855573363;39.69634546425574;3.117
2025-08-08 20:39:18;28.404669260700388;39.83825436789502;3.115
2025-08-08 20:49:22;28.036163881895177;39.731441214618144;3.117
2025-08-08 20:59:18;27.624933241779203;41.55489433127337;3.112
2025-08-08 21:09:20;27.26176852063783;43.68200198367285;3.117
2025-08-08 21:19:18;26.695658808270395;44.327458609903104;3.115
2025-08-08 21:29:18;26.297779812314033;44.38239108873121;3.112
2025-08-08 21:39:20;26.340505073624783;44.01770046540017;3.112
2025-08-08 21:49:22;26.185626001373308;43.84679942015717;3.117
2025-08-08 21:59:22;25.790417334248872;44.37323567559319;3.115
2025-08-08 22:09:20;25.43526359960326;44.580758373388264;3.115
2025-08-08 22:19:22;25.082780193789574;45.15754940108339;3.115
2025-08-08 22:29:19;24.64484626535439;47.05271992065309;3.115
2025-08-08 22:39:17;24.19356069275959;47.59746700236515;3.115
2025-08-08 22:49:20;23.865110246433204;47.80804150453956;3.115
2025-08-08 22:59:23;23.485923552300292;48.374151216906995;3.117
2025-08-08 23:09:20;22.906462195773244;49.34004730296788;3.115
2025-08-08 23:19:19;22.837033646143283;50.51194018463416;3.112
2025-08-08 23:29:17;22.692835889219495;54.139009689478904;3.112
2025-08-08 23:39:21;22.43915465018692;54.92179751277943;3.115
2025-08-08 23:49:20;22.030594338902873;56.096742198825055;3.115
2025-08-08 23:59:16;21.4351110093843;59.24773022049287;3.112
2025-08-09 00:09:18;21.322957198443575;59.435416189822234;3.115
2025-08-09 00:19:18;20.983825436789502;61.522850385290305;3.117
2025-08-09 00:29:16;20.743495841916527;61.74715800717174;3.115
2025-08-09 00:39:19;20.503166247043566;62.745098039215684;3.115
2025-08-09 00:49:21;20.292210269321743;63.29900053406577;3.115
2025-08-09 00:59:17;20.15068284122988;64.84473945220111;3.115
2025-08-09 01:09:16;20.094605935759517;64.30914778362707;3.112
2025-08-09 01:19:16;19.755474174105444;66.83299000534066;3.115
2025-08-09 01:29:23;19.445716029602508;67.12596322575723;3.115
2025-08-09 01:39:20;19.314869916838333;68.16357671473259;3.115
2025-08-09 01:49:15;19.27481498435951;67.62798504615854;3.115
2025-08-09 01:59:17;19.330891889829857;67.7607385366598;3.115
2025-08-09 02:09:18;19.119935912108033;69.17982757305256;3.115
2025-08-09 02:19:18;18.965056839856565;69.52773327229724;3.115
2025-08-09 02:29:20;18.866254673075453;69.56130312046997;3.115
2025-08-09 02:39:19;18.751430533302816;71.18638895246815;3.115
2025-08-09 02:49:21;18.580529488059817;71.79522392614633;3.117
2025-08-09 02:59:16;18.48439765011063;72.2240024414435;3.115
2025-08-09 03:09:19;18.39894712748913;72.96101319905394;3.115
2025-08-09 03:19:18;18.155947203784237;74.16037232013429;3.115
2025-08-09 03:29:18;18.04379339284352;74.62272068360419;3.115
2025-08-09 03:39:19;18.003738460364694;74.6822308690013;3.115
2025-08-09 03:49:21;18.0170901045243;74.68375677119097;3.115
2025-08-09 03:59:22;17.944991226062406;76.0341802090486;3.115
2025-08-09 04:09:22;17.72068360418097;76.12726024261845;3.115
2025-08-09 04:19:15;17.637903410391395;75.96246280613413;3.115
2025-08-09 04:29:22;17.563134203097583;76.5514610513466;3.115
2025-08-09 04:39:19;17.437628747997252;76.96955825131609;3.115
2025-08-09 04:49:16;17.394903486686502;77.265583276112;3.115
2025-08-09 04:59:16;17.296101319905397;77.84695201037613;3.117
2025-08-09 05:09:20;17.170595864805065;78.42984664682994;3.115
2025-08-09 05:19:19;17.058442053864347;78.49698634317541;3.115
2025-08-09 05:29:21;17.015716792553597;79.47356374456398;3.115
2025-08-09 05:39:16;16.927595941100172;79.28892957961395;3.115
2025-08-09 05:49:20;16.828793774319067;79.32555123216602;3.115
2025-08-09 05:59:16;16.729991607537954;79.19737544823377;3.115
2025-08-09 06:09:22;16.6739147020676;79.71618219272145;3.115
2025-08-09 06:19:19;16.703288319218736;80.7186999313344;3.115
2025-08-09 06:29:21;16.56176089112688;81.538109407187;3.115
2025-08-09 06:39:22;16.56176089112688;81.02388036926833;3.115
2025-08-09 06:49:15;16.57778286411841;80.53406576638437;3.117
2025-08-09 06:59:21;16.71663996337835;81.14747844663157;3.115
2025-08-09 07:09:18;16.71663996337835;81.61135271229114;3.115
2025-08-09 07:19:19;16.828793774319067;80.517280842298;3.115
2025-08-09 07:29:20;17.058442053864347;80.73548485542076;3.115
2025-08-09 07:39:21;17.226672770275428;78.7685969329366;3.115
2025-08-09 07:49:16;17.296101319905397;76.83070115205615;3.117
2025-08-09 07:59:16;17.437628747997252;74.9584191653315;3.115
2025-08-09 08:09:19;17.734035248340582;74.7981994354162;3.115
2025-08-09 08:19:22;18.217364766918443;74.18020904859999;3.115
2025-08-09 08:29:19;18.823529411764703;70.20523384451057;3.115
2025-08-09 08:39:18;19.27481498435951;68.30090791180285;3.115
2025-08-09 08:49:15;19.69939726863508;66.9871061264973;3.115
2025-08-09 08:59:21;20.067902647440306;65.49935149156939;3.115
2025-08-09 09:09:18;20.47379262989243;64.6540016784924;3.115
2025-08-09 09:19:20;20.871671625848776;63.569085221637295;3.115
2025-08-09 09:29:16;21.296253910124364;62.34683756771191;3.115
2025-08-09 09:39:19;21.80361638818951;60.733958953231095;3.112
2025-08-09 09:49:17;22.38307774471656;58.91660944533455;3.115
2025-08-09 09:59:18;22.935835812924395;58.84946974898909;3.115
2025-08-09 10:09:20;23.285648889906156;58.96849011978332;3.115
2025-08-09 10:19:20;23.82505531395438;59.014267185473415;3.115
2025-08-09 10:29:16;24.289692530708777;57.927824826428626;3.115
2025-08-09 10:39:15;24.7436484321355;56.00213626306554;3.115
2025-08-09 10:49:22;25.056076905470363;54.847028305485615;3.117
2025-08-09 11:09:18;26.100175478751808;51.967650873579004;3.115
2025-08-09 11:19:20;26.24170290684367;50.65384908827344;3.115
2025-08-09 11:29:20;26.425955596246283;52.07751583123522;3.115
2025-08-09 11:39:15;26.709010452429993;49.14015411612116;3.115
2025-08-09 11:49:18;27.37392233157854;47.58678568703746;3.115
2025-08-09 11:59:16;27.512779430838478;46.709391927977414;3.117
2025-08-09 12:09:20;27.78248264286259;48.252079041733424;3.117
2025-08-09 12:19:14;28.14831769283589;46.96879530022125;3.112
2025-08-09 12:29:17;28.20439459830625;47.67986572060731;3.117
2025-08-09 12:49:18;29.251163500419622;45.444419012741285;3.115
2025-08-09 12:59:20;29.606317235065234;43.45769436179141;3.115
2025-08-09 13:09:16;29.843976501106283;42.34531166552224;3.112
2025-08-09 13:19:19;30.241855497062645;40.91248950942244;3.115
2025-08-09 13:29:18;30.439459830624855;42.03402761882963;3.115
2025-08-09 13:39:16;30.79194323643854;45.024795910582135;3.115
2025-08-09 13:49:16;30.709163042648967;43.12504768444343;3.112
2025-08-09 13:59:20;30.86404211490043;42.359044785229266;3.115
2025-08-09 14:09:16;31.04562447547113;42.323949034866864;3.115
2025-08-09 14:19:16;31.713206683451588;39.978637369344625;3.115
2025-08-09 14:29:16;32.108415350576024;35.634393835355155;3.115
2025-08-09 14:39:19;32.61844815747311;36.07385366598001;3.115
2025-08-09 14:59:20;33.085755703059434;37.01991302357519;3.115
2025-08-09 15:09:15;33.24063477531091;36.302738994430456;3.115
2025-08-09 15:19:19;33.26733806363012;33.98184176394293;3.117
2025-08-09 15:29:17;33.73464560921644;32.64057373922331;3.115
2025-08-09 15:39:18;33.99099717708094;32.965590905622946;3.112
2025-08-09 15:49:20;34.07377737087053;36.07232776379034;3.117
2025-08-09 15:59:20;34.359502555886166;32.0683604180972;3.115
2025-08-09 16:09:15;34.768062867170215;31.81506065461204;3.117
2025-08-09 16:19:14;34.47165636682689;30.569924467841613;3.112
2025-08-09 16:29:21;34.42893110551614;32.256046387426565;3.115
2025-08-09 16:39:17;34.62653543907835;31.633478294041353;3.112
2025-08-09 16:49:22;34.8401617456321;29.85275043869688;3.112
2025-08-09 16:59:20;34.810788128480965;30.336461432822155;3.115
2025-08-09 17:09:20;35.02174410620279;32.5810635538262;3.115
2025-08-09 17:19:15;34.896238651102465;30.58823529411765;3.112
2025-08-09 17:39:16;34.97901884489204;30.012970168612192;3.115
2025-08-09 17:49:19;34.95231555657283;29.356832227054245;3.115
2025-08-09 17:59:15;34.75204089417868;30.27237354085603;3.112
2025-08-09 18:09:21;34.61051346608683;30.473792629892422;3.115
2025-08-09 18:19:22;34.54108491645685;31.473258564126038;3.115
2025-08-09 18:29:15;34.22865644312199;32.45593957427329;3.112
2025-08-09 18:39:17;33.849469748989094;34.808880750743874;3.112
2025-08-09 18:49:15;33.90554665445944;32.53376058594644;3.112
2025-08-09 18:59:22;33.678568703746095;32.849622339208054;3.112
2025-08-09 19:09:19;33.29671168078126;35.56115053025101;3.117
2025-08-09 19:19:15;32.94422827496757;34.16495002670329;3.115
2025-08-09 19:29:18;32.75730525673305;34.767681391622794;3.115
2025-08-09 19:39:16;32.44754711223011;35.87701228351263;3.115
2025-08-09 19:49:20;32.108415350576024;37.90188448920424;3.115
2025-08-09 19:59:15;31.825360494392314;38.602273594262606;3.117
2025-08-09 20:09:14;31.344701304646378;40.1205462729839;3.115
2025-08-09 20:29:16;30.22850385290303;43.07011520561532;3.112
2025-08-09 20:39:20;30.030899519340807;43.3676661326009;3.115
2025-08-09 20:49:20;30.199130235751895;43.485160601205465;3.112
2025-08-09 20:59:21;29.78789959563592;44.029907682917525;3.115
2025-08-09 21:09:22;29.50751506828412;45.061417563134206;3.115
2025-08-09 21:19:16;29.13900968947891;47.43114366369116;3.115
2025-08-09 21:29:20;28.70107576104371;47.60662241550317;3.112
2025-08-09 21:39:20;28.049515526054776;49.80849927519646;3.117
2025-08-09 21:49:19;27.512779430838478;49.64675364309148;3.115
2025-08-09 21:59:15;27.317845426108192;48.86549172198062;3.115
2025-08-09 22:09:18;27.117570763714042;48.53437094682231;3.115
2025-08-09 22:19:21;26.850537880521856;50.420386053253985;3.115
2025-08-09 22:29:15;26.396581979095146;50.508888380254824;3.112
2025-08-09 22:39:17;26.17227435721371;51.163500419623105;3.115
2025-08-09 22:49:15;25.902571145189597;52.17975127794308;3.112
2025-08-09 22:59:19;25.83314259555962;51.166552224002444;3.115
2025-08-09 23:09:17;25.761043717097735;52.092774853131914;3.115
2025-08-09 23:19:18;25.579461356527048;51.53429465171283;3.115
2025-08-09 23:29:17;25.154879072251475;53.73617151140612;3.112
2025-08-09 23:39:17;24.898527504386962;54.761577782864116;3.115
2025-08-09 23:49:19;24.4632639047837;57.06721599145495;3.115
2025-08-09 23:59:18;24.262989242389565;57.851529716945144;3.117
2025-08-10 00:09:16;23.89448386358434;58.97154192416266;3.117
2025-08-10 00:19:20;23.558022430762193;60.41962310215915;3.117
2025-08-10 00:29:16;23.443198290989542;61.20546272983902;3.112
2025-08-10 00:39:16;23.315022507057293;60.354009308003356;3.115
2025-08-10 00:49:20;23.18951705195697;60.982681010147246;3.117
2025-08-10 00:59:16;23.01861600671397;61.23750667582208;3.115
2025-08-10 01:09:21;22.666132600900283;63.58129243915465;3.115
2025-08-10 01:19:18;22.48187991149767;64.02227817196918;3.115
2025-08-10 01:29:22;22.399099717708097;64.30914778362707;3.115
2025-08-10 01:39:19;22.0572976272221;64.60212100404364;3.115
2025-08-10 01:49:19;22.01457236591135;64.40680552376593;3.115
2025-08-10 01:59:18;21.763561455710686;65.5588616769665;3.115
2025-08-10 02:09:20;21.662088960097662;66.12344548714428;3.115
2025-08-10 02:19:17;21.322957198443575;67.23582818341345;3.115
2025-08-10 02:29:17;21.28290226596475;67.43266956588083;3.117
2025-08-10 02:39:15;21.138704509040977;68.92042420080872;3.117
2025-08-10 02:49:18;20.914396887159526;69.12947280079347;3.117
2025-08-10 02:59:17;20.79957274738689;70.05416952773328;3.115
2025-08-10 03:09:18;20.703440909437703;70.50278477149615;3.115
2025-08-10 03:19:17;20.716792553597315;70.95597772182803;3.115
2025-08-10 03:29:14;20.674067292286566;70.0679026474403;3.115
2025-08-10 03:39:16;20.55924315251393;70.9925993743801;3.115
2025-08-10 03:49:16;20.460440985732816;71.85015640497444;3.115
2025-08-10 03:59:20;20.34828717479209;71.50988021667811;3.115
2025-08-10 04:09:21;20.249485008010993;72.37659266041047;3.115
2025-08-10 04:19:18;20.02250705729763;73.0937666895552;3.115
2025-08-10 04:29:16;20.006485084306092;72.7519645990692;3.117
2025-08-10 04:39:16;20.123979552910654;72.4452582589456;3.115
2025-08-10 04:49:16;20.006485084306092;73.34248874647135;3.115
2025-08-10 04:59:17;19.95040817883573;74.48233768215458;3.115
2025-08-10 05:09:18;19.93705653467613;74.19241626611735;3.115
2025-08-10 05:19:17;19.79552910658427;74.37247272449837;3.117
2025-08-10 05:29:18;19.739452201113906;73.7117570763714;3.115
2025-08-10 05:39:17;19.69939726863508;75.06828412298772;3.115
2025-08-10 05:49:14;19.370946822308696;76.06622415503166;3.115
2025-08-10 05:59:17;19.245441367208358;76.87647821774624;3.117
2025-08-10 06:09:15;19.034485389486534;76.93293659876402;3.115
2025-08-10 06:19:14;18.93568322270542;77.75234607461661;3.115
2025-08-10 06:29:14;18.965056839856565;78.90897993438621;3.115
2025-08-10 06:39:16;18.836881055924316;78.72281986724651;3.115
2025-08-10 06:49:20;18.764782177462422;79.01579308766308;3.115
2025-08-10 06:59:18;18.89295796139467;78.25894560158694;3.117
2025-08-10 07:09:16;18.879606317235066;78.19943541618983;3.115
2025-08-10 07:19:21;18.93568322270542;78.86320286869612;3.117
2025-08-10 07:29:14;19.14663920042726;78.974593728542;3.115
2025-08-10 07:39:21;19.413672083619446;79.95422293430991;3.115
2025-08-10 07:49:18;19.65667200732433;80.43945983062486;3.115
2025-08-10 07:59:21;19.95040817883573;79.42168307011521;3.115
2025-08-10 08:09:19;20.361638818951704;77.45784695201037;3.115
2025-08-10 08:19:19;20.716792553597315;75.05607690547036;3.117
2025-08-10 08:29:19;21.069275959411;74.4914930952926;3.117
2025-08-10 08:39:18;21.507209887846187;73.97726405737392;3.115
2025-08-10 08:49:20;22.142748149843598;75.1750972762646;3.117
2025-08-10 08:59:13;22.906462195773244;73.60189211871518;3.115
2025-08-10 09:09:20;23.37376974135958;70.75455863279164;3.115
2025-08-10 09:19:17;23.726253147173267;66.76890211337454;3.115
2025-08-10 09:29:15;23.966582742046228;63.92919813839933;3.115
2025-08-10 09:39:14;23.982604715037766;66.15854123750668;3.115
2025-08-10 09:49:20;24.177538719768066;67.40825513084611;3.117
2025-08-10 09:59:17;24.730296787975888;67.07408255130846;3.115
2025-08-10 10:09:15;24.869153887235825;64.53040360112917;3.117
2025-08-10 10:19:19;25.309758144502936;64.1870756084535;3.117
2025-08-10 10:29:16;25.718318455786985;57.82711528191043;3.112
2025-08-10 10:39:16;26.100175478751808;56.95277332722972;3.112
2025-08-10 10:49:20;26.383230334935533;53.205157549401086;3.115
2025-08-10 10:59:13;26.580834668497744;54.05966277561608;3.115
2025-08-10 11:19:20;26.989394979781792;52.81147478446631;3.115
2025-08-10 11:29:13;27.032120241092542;53.60799572747387;3.115
2025-08-10 11:39:16;27.160296025024792;52.77943083848325;3.115
2025-08-10 11:49:20;27.555504692149228;52.37048905165179;3.115
2025-08-10 11:59:13;27.640955214770727;50.339513237201494;3.115
2025-08-10 12:09:15;27.33119707026779;52.210269321736476;3.115
2025-08-10 12:19:20;27.710383764400703;51.48699168383307;3.112
2025-08-10 12:29:16;27.924010070954452;51.326771953917756;3.115
2025-08-10 12:39:18;28.447394522011137;48.453498130769816;3.115
2025-08-10 12:49:17;28.61562523842221;49.33546959639887;3.112
2025-08-10 12:59:14;28.628976882581824;48.49317158770123;3.117
2025-08-10 13:09:14;28.687724116884112;50.127412832837415;3.115
2025-08-10 13:19:21;28.813229571984436;50.3242542153048;3.117
2025-08-10 13:29:18;28.928053711757073;47.29991607537957;3.117
2025-08-10 13:39:14;29.22446021210041;45.7099259937438;3.115
2025-08-10 13:49:17;29.42206454566262;44.20538643472953;3.115
2025-08-10 13:59:14;29.46478980697337;44.51972228580148;3.115
2025-08-10 14:09:18;29.576943617914097;45.41695277332723;3.115
2025-08-10 14:19:13;29.633020523384445;44.370183871213854;3.112
2025-08-10 14:29:16;29.46478980697337;44.068055237659266;3.115
2025-08-10 14:39:18;29.675745784695195;44.620431830319674;3.115
2025-08-10 14:49:20;29.689097428854808;45.317769130998705;3.112
2025-08-10 14:59:17;30.073624780651556;46.031891355764095;3.112
2025-08-10 15:09:15;30.185778591592282;46.497291523613335;3.115
2025-08-10 15:19:16;30.255207141222243;45.6046387426566;3.115
2025-08-10 15:29:17;30.538261997405968;44.864576180666816;3.115
2025-08-10 15:39:15;30.82131685358968;42.92820630197604;3.115
2025-08-10 15:49:15;31.272602426184477;41.96078431372549;3.112
2025-08-10 15:59:15;31.117723353933016;41.70443274586099;3.115
2025-08-10 16:09:15;31.189822232394903;41.683070115205616;3.115
2025-08-10 16:19:15;31.37140459296559;43.688105592431526;3.115
2025-08-10 16:29:15;31.32867933165484;45.27046616311895;3.115
2025-08-10 16:39:15;31.400778210116727;45.6046387426566;3.115
2025-08-10 16:49:14;31.58503089951934;41.49080643930724;3.115
2025-08-10 16:59:14;31.713206683451588;40.987258716716255;3.115
2025-08-10 17:09:13;31.571679255359726;42.25833524071107;3.112
2025-08-10 17:19:16;31.49958037689784;41.58083466849775;3.112
2025-08-10 17:29:21;31.45685511558709;42.4979018844892;3.112
2025-08-10 17:39:19;31.483558403906315;42.487220569161515;3.115
2025-08-10 17:49:15;31.387426565957128;42.00198367284657;3.115
2025-08-10 17:59:15;31.45685511558709;42.24460212100404;3.112
2025-08-10 18:09:19;31.245899137865266;43.688105592431526;3.115
2025-08-10 18:19:19;30.92011902037079;45.065995269703215;3.115
2025-08-10 18:29:15;30.597009231708242;46.52170595864805;3.115
2025-08-10 18:39:14;30.495536736095218;48.09643701838712;3.115
2025-08-10 18:49:19;29.886701762417033;49.68947890440223;3.115
2025-08-10 18:59:18;29.78789959563592;49.81765468833448;3.112
2025-08-10 19:09:14;29.705119401846346;48.55878538185702;3.112
2025-08-10 19:19:13;29.649042496375984;48.73121232928969;3.112
2025-08-10 19:29:20;29.43808651865416;48.69001297016861;3.115
2025-08-10 19:39:13;29.19508659494926;52.09582665751125;3.115
2025-08-10 19:49:15;28.671702143892574;55.721370260166324;3.115
2025-08-10 19:59:20;28.303196765087364;56.15167467765316;3.112
2025-08-10 20:09:14;27.86793316548409;59.25535973144122;3.112
2025-08-10 20:19:13;27.275120164797443;58.58396276798657;3.115
2025-08-10 20:29:15;27.301823453116654;54.92637521934844;3.115
2025-08-10 20:39:16;27.357900358587017;52.86640726329442;3.112
2025-08-10 20:49:18;27.173647669184405;52.887769893949795;3.115
2025-08-10 20:59:13;26.949340047302968;53.73922331578546;3.112
2025-08-10 21:09:15;26.738384069581144;54.56778820477607;3.112
2025-08-10 21:19:19;26.508735790035857;54.555580987258715;3.115
2025-08-10 21:29:16;26.32715342946517;54.66849774929427;3.115
2025-08-10 21:39:18;26.116197451743346;55.19035629816129;3.112
2025-08-10 21:49:13;25.97199969481956;54.9080643930724;3.115
2025-08-10 21:59:20;25.803768978408485;54.91569390402075;3.115
2025-08-10 22:09:18;25.547417410543986;54.87602044708934;3.112
2025-08-10 22:19:17;25.448615243762873;54.35721370260166;3.117
2025-08-10 22:29:15;25.309758144502936;54.14663920042725;3.117
2025-08-10 22:39:16;25.112153810940725;53.20363164721142;3.112
2025-08-10 22:49:14;25.04272526131075;49.86343175402457;3.115
2025-08-10 22:59:18;24.842450598916614;50.164034485389486;3.115
2025-08-10 23:09:14;24.714274814984364;49.61470969710842;3.117
2025-08-10 23:19:13;24.519340810254064;50.585183489738306;3.117
2025-08-10 23:29:16;24.361791409170678;49.9824521248188;3.115
2025-08-10 23:39:14;24.19356069275959;49.871061264972916;3.115
2025-08-10 23:49:14;24.02265964751659;49.999237048905165;3.115
2025-08-10 23:59:13;23.80903334096284;50.498207064927136;3.115
2025-08-11 00:09:16;23.78233005264363;51.122301060502025;3.115
2025-08-11 00:19:17;23.528648813611042;53.11360341802091;3.112
2025-08-11 00:29:16;23.499275196459905;53.06172274357214;3.115
2025-08-11 00:49:14;23.20286869611658;55.22850385290303;3.117
2025-08-11 00:59:18;23.090714885175856;56.57282368200198;3.117
2025-08-11 01:09:14;23.034637979705508;57.389181353475244;3.115
2025-08-11 01:29:16;23.06134126802472;57.7080949111162;3.115
2025-08-11 01:39:14;23.14679179064622;55.384145876249335;3.117
2025-08-11 01:49:14;23.24559395742733;53.94522011139086;3.115
2025-08-11 01:59:17;23.229571984435793;54.21072709239338;3.117
2025-08-11 02:09:13;23.18951705195697;55.01792935072862;3.115
2025-08-11 02:19:15;23.20286869611658;55.13694972152285;3.115
2025-08-11 02:29:20;23.173495078965445;55.548943312733655;3.112
2025-08-11 02:39:14;23.034637979705508;55.924315251392386;3.115
2025-08-11 02:49:14;22.863736934462494;56.50110627908751;3.115
2025-08-11 02:59:14;22.666132600900283;56.20202944991226;3.115
2025-08-11 03:09:17;22.537956816968034;56.261539635309376;3.117
2025-08-11 03:19:12;22.36972610055696;56.71015487907225;3.115
2025-08-11 03:29:15;22.28427557793546;57.02143892576486;3.115
2025-08-11 03:39:20;22.21217669947356;57.49446860456245;3.112
2025-08-11 03:49:14;22.15609979400321;57.64858472571908;3.112
2025-08-11 03:59:14;22.043945983062486;57.94308384832532;3.115
2025-08-11 04:09:14;21.97451743343251;57.91866941329061;3.115
2025-08-11 04:19:17;21.859693293659873;58.02548256656748;3.115
2025-08-11 04:29:15;21.720836194399936;58.35965514610513;3.115
2025-08-11 04:39:17;21.58999008163576;58.5473411154345;3.117
2025-08-11 04:49:16;21.464484626535437;59.218738078889146;3.115
2025-08-11 04:59:14;21.296253910124364;60.04730296787976;3.117
2025-08-11 05:09:14;21.138704509040977;60.41962310215915;3.117
2025-08-11 05:19:17;21.069275959411;60.6332494087129;3.115
2025-08-11 05:29:13;21.02655069810025;60.66681925688563;3.117
2025-08-11 05:39:16;20.983825436789502;61.02693217364767;3.112
2025-08-11 05:49:17;20.88502327000839;61.600671396963456;3.115
2025-08-11 05:59:16;20.828946364538027;61.95773250934615;3.12
2025-08-11 06:09:14;20.703440909437703;62.319371328297855;3.115
2025-08-11 06:19:19;20.64469367513543;62.66575112535286;3.115
2025-08-11 06:29:15;20.572594796673528;62.51163500419623;3.115
2025-08-11 06:39:12;20.529869535362778;62.66575112535286;3.117
2025-08-11 06:49:15;20.47379262989243;62.8900587472343;3.117
2025-08-11 06:59:16;20.47379262989243;62.76188296330205;3.115
2025-08-11 07:09:18;20.503166247043566;62.75730525673304;3.112
2025-08-11 07:19:14;20.529869535362778;62.491798275730524;3.112
2025-08-11 07:29:14;20.64469367513543;62.6337071793698;3.115
2025-08-11 07:39:14;20.759517814908065;62.30869001297017;3.115
2025-08-11 07:49:17;20.97047379262989;61.347371633478296;3.115
2025-08-11 07:59:12;21.184100099183638;60.5981536583505;3.117
2025-08-11 08:09:14;21.408407721065075;59.54375524528878;3.115
2025-08-11 08:19:19;21.58999008163576;58.5473411154345;3.115
2025-08-11 08:39:16;21.945143816281373;57.02143892576486;3.117
2025-08-11 08:49:15;22.11337453269246;55.681696803234914;3.115
2025-08-11 08:59:15;22.19882505531396;53.41115434500649;3.117
2025-08-11 09:09:17;22.399099717708097;52.82825970855268;3.117
2025-08-11 09:19:17;22.623407339589534;52.79163805600061;3.115
2025-08-11 09:29:16;22.82368200198367;50.93461509117265;3.115
2025-08-11 09:39:18;22.922484168764782;50.7866025787747;3.117
2025-08-11 09:59:17;23.285648889906156;51.69451438162814;3.115
2025-08-11 10:09:13;23.571374074921792;51.64873731593805;3.115
2025-08-11 10:19:16;23.79568169680323;51.08873121232929;3.115
2025-08-11 10:29:19;23.85175860227359;52.34760051880674;3.112
2025-08-11 10:39:12;24.121461814297703;51.55107957579919;3.112
2025-08-11 10:49:16;24.305714503700315;51.90814068818189;3.115
2025-08-11 10:59:13;24.305714503700315;52.95185778591592;3.112
2025-08-11 11:09:17;24.444571602960252;51.30998702983139;3.115
2025-08-11 11:19:12;24.70092317082475;50.838483253223465;3.117
2025-08-11 11:29:14;24.489967193102927;51.81811245899138;3.112
2025-08-11 11:39:19;24.575417715724427;51.04753185320821;3.115
2025-08-11 11:59:17;24.842450598916614;52.02410925459678;3.115
2025-08-11 12:09:15;25.098802166781113;52.755016403448536;3.115
2025-08-11 12:19:13;25.662241550316622;53.507286182955674;3.115
2025-08-11 12:29:13;25.83314259555962;51.66094453345541;3.115
2025-08-11 12:39:17;25.64888990615701;53.212787060349434;3.115
2025-08-11 12:49:13;25.63553826199741;52.974746318760964;3.115
2025-08-11 12:59:13;25.97199969481956;53.002212558175025;3.115
2025-08-11 13:09:14;26.340505073624783;53.23262378881514;3.112
2025-08-11 13:19:17;26.25772487983521;54.15274280918593;3.115
2025-08-11 13:29:13;26.765087357900356;53.003738460364694;3.115
2025-08-11 13:39:12;27.20302128633554;52.44373235675593;3.112
2025-08-11 13:49:15;27.45670252536813;52.69245441367208;3.112
2025-08-11 13:59:12;27.624933241779203;52.175173571374074;3.112
2025-08-11 14:19:19;27.683680476081477;52.99763485160601;3.115
2025-08-11 14:39:13;28.23376821545739;52.79621576256962;3.115
2025-08-11 14:49:12;28.476768139162274;50.36545357442588;3.115
2025-08-11 14:59:19;28.687724116884112;52.124818799114976;3.115
2025-08-11 15:09:13;28.799877927824824;49.13099870298314;3.115
2025-08-11 15:19:13;28.74380102235446;50.49362935835813;3.115
2025-08-11 15:29:13;28.714427405203324;50.376134889753565;3.112
2025-08-11 15:39:16;29.208438239108872;49.30342565041581;3.117
2025-08-11 15:49:15;29.45143816281376;49.59182116426337;3.115
2025-08-11 15:59:17;29.563591973754484;48.47638666361486;3.115
2025-08-11 16:09:12;29.576943617914097;51.085679407949954;3.115
2025-08-11 16:19:19;29.633020523384445;48.123903257801175;3.112
2025-08-11 16:29:15;29.619668879224847;48.84260318913557;3.115
2025-08-11 16:39:18;29.675745784695195;49.326314183260855;3.115
2025-08-11 16:49:18;29.78789959563592;51.450370031281;3.112
2025-08-11 16:59:15;30.017547875181208;48.792248416876475;3.115
2025-08-11 17:09:12;29.886701762417033;50.087739375906004;3.115
2025-08-11 17:19:15;30.00152590218967;48.98451209277485;3.115
2025-08-11 17:29:18;30.00152590218967;49.112687876707106;3.115
2025-08-11 17:39:18;30.073624780651556;49.43160143434806;3.112
2025-08-11 17:49:19;30.156404974441145;49.59792477302205;3.112
2025-08-11 17:59:13;30.327306019684144;49.079118028534374;3.115
2025-08-11 18:09:17;30.311284046692606;49.541466392004274;3.117
2025-08-11 18:19:16;30.255207141222243;47.742427710383765;3.115
2025-08-11 18:29:19;30.199130235751895;47.362478065156026;3.112
2025-08-11 18:39:16;30.030899519340807;48.035400930800336;3.115
2025-08-11 18:49:19;29.859998474097807;47.51049057755398;3.112
2025-08-11 18:59:12;29.83062485694667;47.30296787975891;3.112
2025-08-11 19:19:13;29.675745784695195;48.19562066071565;3.117
2025-08-11 19:29:17;29.619668879224847;48.80445563439383;3.112
2025-08-11 19:49:18;29.32326237888151;49.459067673762114;3.112
2025-08-11 19:59:16;29.08293278400855;50.168612191958495;3.115
2025-08-11 20:09:18;28.839932860303648;50.69962615396353;3.115
2025-08-11 20:19:18;28.57289997711146;51.27641718165866;3.112
2025-08-11 20:29:12;28.377965972381176;52.36133363851377;3.112
2025-08-11 20:39:18;28.049515526054776;53.551537346456094;3.112
2025-08-11 20:49:14;27.78248264286259;54.139009689478904;3.112
2025-08-11 20:59:12;27.58487830930038;54.53269245441367;3.115
2025-08-11 21:09:15;27.387273975738154;55.048447394522015;3.115
2025-08-11 21:19:13;27.21904325932708;56.060120546272984;3.112
2025-08-11 21:29:13;27.074845502403292;56.9939726863508;3.112
2025-08-11 21:39:13;26.93331807431143;57.78286411841001;3.115
2025-08-11 21:49:12;26.722362096589606;59.03257801174945;3.115
2025-08-11 21:59:14;26.551461051346607;59.57122148470283;3.115
2025-08-11 22:09:16;26.425955596246283;60.05340657663844;3.115
2025-08-11 22:19:14;26.24170290684367;60.63477531090257;3.112
2025-08-11 22:29:15;25.97199969481956;61.67696650644694;3.115
2025-08-11 22:39:14;25.60616464484626;62.47501335164416;3.112
2025-08-11 22:49:14;25.309758144502936;63.146410315098805;3.117
2025-08-11 22:59:16;25.04272526131075;63.445487144274054;3.115
2025-08-11 23:09:19;24.941252765697712;63.67742427710384;3.112
2025-08-11 23:19:17;24.78637369344625;64.9958037689784;3.115
2025-08-11 23:29:13;24.562066071564814;66.36148622873274;3.115
2025-08-11 23:39:17;24.332417792019527;66.90470740825513;3.115
2025-08-11 23:49:16;24.10811017013809;67.4692912184329;3.115
2025-08-11 23:59:15;23.80903334096284;68.33295185778591;3.115
2025-08-12 00:09:13;23.584725719081405;69.52773327229724;3.112
2025-08-12 00:19:14;23.328374151216906;71.03379873350119;3.117
2025-08-12 00:29:12;23.14679179064622;70.66300450141146;3.115
2025-08-12 00:39:19;22.879758907454033;71.30540932326238;3.112
2025-08-12 00:49:17;22.650110627908745;72.18280308232242;3.112
2025-08-12 00:59:13;22.46852826733806;73.01747158007171;3.115
2025-08-12 01:09:13;22.313649195086597;72.91981383993286;3.115
2025-08-12 01:19:16;22.10002288853285;74.4762340733959;3.115
2025-08-12 01:39:14;21.97451743343251;74.40451667048143;3.115
2025-08-12 01:49:18;21.67544060425726;75.39482719157702;3.115
2025-08-12 01:59:12;21.4351110093843;76.06775005722133;3.115
2025-08-12 02:09:15;21.296253910124364;75.28343633173114;3.115
2025-08-12 02:19:13;21.224155031662477;75.04692149233234;3.112
2025-08-12 02:29:13;21.109330891889826;75.28953994048982;3.112
2025-08-12 02:39:18;20.84229800869764;76.66132600900282;3.115
2025-08-12 02:49:11;20.674067292286566;76.77729457541771;3.117
2025-08-12 02:59:14;20.34828717479209;77.45326924544136;3.115
2025-08-12 03:09:18;20.361638818951704;78.84031433585108;3.115
2025-08-12 03:19:12;20.26283665217059;77.48531319142442;3.115
2025-08-12 03:29:11;20.206759746700243;77.70199130235751;3.115
2025-08-12 03:39:14;20.137331197070267;78.2558937972076;3.117
2025-08-12 03:49:14;19.867627985046155;79.12413214312963;3.117
2025-08-12 03:59:16;19.755474174105444;80.08239871824216;3.115
2025-08-12 04:09:11;19.613946746013582;80.94758525978484;3.115
2025-08-12 04:19:14;19.584573128862445;80.37537193865873;3.115
2025-08-12 04:29:16;19.544518196383606;80.3570611123827;3.115
2025-08-12 04:39:18;19.427023727779044;80.57221332112611;3.115
2025-08-12 04:49:16;19.314869916838333;80.89570458533608;3.115
2025-08-12 04:59:11;19.21606775005722;81.18410009918364;3.112
2025-08-12 05:09:18;18.991760128175784;82.31937132829786;3.115
2025-08-12 05:19:12;19.047837033646147;82.33005264362555;3.117
2025-08-12 05:29:15;19.005111772335397;82.92973220416572;3.115
2025-08-12 05:39:13;18.922331578545815;82.88242923628596;3.117
2025-08-12 05:49:14;18.879606317235066;83.44701304646372;3.115
2025-08-12 05:59:16;18.735408560311285;83.62859540703441;3.115
2025-08-12 06:09:16;18.695353627832453;83.92767223620966;3.115
2025-08-12 06:19:12;18.722056916151672;84.42053864347295;3.115
2025-08-12 06:29:12;18.623254749370567;83.40123598077363;3.115
2025-08-12 06:39:16;18.553826199740598;83.74761577782864;3.115
2025-08-12 06:49:16;18.412298771648736;85.18501564049744;3.115
2025-08-12 06:59:11;18.44167238879988;84.83405813687342;3.115
2025-08-12 07:09:14;18.4683756771191;85.23689631494621;3.115
2025-08-12 07:19:12;18.639276722362098;84.9759670405127;3.115
2025-08-12 07:29:15;18.922331578545815;84.33356221866178;3.115
2025-08-12 07:39:14;19.06385900663767;84.21606775005722;3.115
2025-08-12 07:49:16;19.27481498435951;83.30815594720379;3.117
2025-08-12 07:59:12;19.459067673762107;82.85648889906157;3.117
2025-08-12 08:09:15;19.88097962920577;81.66170748455023;3.115
2025-08-12 08:19:13;20.206759746700243;80.56610971236744;3.115
2025-08-12 08:29:14;20.572594796673528;79.53154802777142;3.115
2025-08-12 08:39:16;20.92774853131914;77.67910276951247;3.115
2025-08-12 08:59:13;21.662088960097662;74.5418478675517;3.112
2025-08-12 09:09:16;22.01457236591135;72.96559090562295;3.115
2025-08-12 09:19:13;22.399099717708097;72.38422217135881;3.117
2025-08-12 09:29:13;22.778286411840995;70.38529030289159;3.112
2025-08-12 09:39:18;23.18951705195697;68.76020447089341;3.115
2025-08-12 09:49:12;23.528648813611042;68.10864423590448;3.117
2025-08-12 09:59:12;23.95323109788663;68.47638666361486;3.117
2025-08-12 10:09:11;24.4632639047837;66.28671702143893;3.115
2025-08-12 10:19:18;24.588769359884026;66.21347371633479;3.115
2025-08-12 10:29:16;24.967956054016938;64.89967193102922;3.115
2025-08-12 10:39:11;25.082780193789574;66.05020218204014;3.115
2025-08-12 10:49:10;25.379186694132912;65.15602349889372;3.117
2025-08-12 10:59:17;25.902571145189597;63.09300373846037;3.112
2025-08-12 11:19:17;26.56481269550622;62.575722896162354;3.117
2025-08-12 11:29:15;26.68230716411078;62.532997634851604;3.115
2025-08-12 11:39:18;26.96269169146258;62.1866178377966;3.115
2025-08-12 11:49:15;27.018768596932944;61.02693217364767;3.115
2025-08-12 12:09:17;27.54215304798963;59.932860303654536;3.115
2025-08-12 12:19:13;27.95338368810559;58.78385595483329;3.115
2025-08-12 12:29:11;28.23376821545739;57.64553292133974;3.115
2025-08-12 12:39:17;28.41802090486;57.557030594338904;3.115
2025-08-12 12:49:14;28.671702143892574;57.24269474326696;3.115
2025-08-12 13:09:13;29.23781185626001;53.373006790264746;3.117
2025-08-12 13:19:11;29.0402075226978;55.887693598840315;3.115
2025-08-12 13:29:13;29.37933928435187;57.37087052719921;3.112
2025-08-12 13:39:10;29.78789959563592;53.99252307927062;3.115
2025-08-12 13:49:13;30.199130235751895;52.28046082246128;3.112
2025-08-12 13:59:17;30.73586633096818;51.89440756847486;3.112
2025-08-12 14:09:18;31.301976043335628;51.36797131303884;3.112
2025-08-12 14:19:15;31.67048142214084;48.19714656290532;3.115
2025-08-12 14:29:13;31.400778210116727;50.878156710154876;3.115
2025-08-12 14:39:11;31.427481498435952;51.55260547798886;3.115
2025-08-12 14:49:17;31.54230563820859;50.34256504158083;3.117
2025-08-12 14:59:11;31.512932021057452;49.75661860074769;3.112
2025-08-12 15:09:13;31.7265583276112;49.51400015259022;3.117
2025-08-12 15:29:18;32.193865873197524;48.52674143587396;3.115
2025-08-12 15:39:15;32.75730525673305;46.4438849469749;3.112
2025-08-12 15:49:11;33.043030441748684;44.6845197222858;3.112
2025-08-12 15:59:18;33.28068970778973;43.47600518806745;3.112
2025-08-12 16:19:15;33.15518425268941;49.27595941100176;3.112
2025-08-12 16:29:10;32.6050965133135;48.49011978332189;3.112
2025-08-12 16:39:17;32.46089875638971;50.884260318913554;3.117
2025-08-12 16:49:18;32.64515144579232;47.6249332417792;3.112
2025-08-12 16:59:12;32.63179980163271;48.36194399938964;3.112
2025-08-12 17:09:12;32.58907454032196;45.72060730907149;3.112
2025-08-12 17:19:16;32.8854810406653;45.238422217135884;3.112
2025-08-12 17:29:15;33.141832608529796;47.1427481498436;3.112
2025-08-12 17:39:11;33.12581063553826;47.243457694361794;3.115
2025-08-12 17:49:11;32.829404135194935;46.42557412069886;3.112
2025-08-12 17:59:18;32.519645990692;48.19256885633631;3.112
2025-08-12 18:09:12;31.908140688181888;51.285572594796676;3.112
2025-08-12 18:19:11;31.400778210116727;52.132448310063324;3.115
2025-08-12 18:29:11;31.061646448462653;53.73006790264744;3.115
2025-08-12 18:39:14;30.86404211490043;53.208209353780425;3.115
2025-08-12 18:49:12;30.890745403219654;54.07492179751278;3.115
2025-08-12 18:59:17;31.032272831311516;52.73823147936217;3.115
2025-08-12 19:09:17;30.653086137178605;55.91821164263371;3.112
2025-08-12 19:19:11;30.46616311894408;56.23407339589532;3.112
2025-08-12 19:29:10;30.354009308003356;56.49195086594949;3.112
2025-08-12 19:39:16;30.354009308003356;56.22949568932631;3.112
2025-08-12 19:49:13;30.199130235751895;56.1196307316701;3.112
2025-08-12 19:59:17;29.747844663157096;57.895780880445564;3.112
2025-08-12 20:19:14;28.799877927824824;62.491798275730524;3.112
2025-08-12 20:29:12;28.391317616540775;64.26947432669566;3.115
2025-08-12 20:39:12;27.710383764400703;67.81567101548791;3.115
2025-08-12 20:49:13;27.512779430838478;68.08575570305943;3.115
2025-08-12 20:59:10;27.160296025024792;67.4494544899672;3.115
2025-08-12 21:09:12;26.96269169146258;64.3930724040589;3.112
2025-08-12 21:19:16;26.666285191119243;66.05783169298849;3.115
2025-08-12 21:29:17;26.495384145876244;64.54718852521553;3.115
2025-08-12 21:39:14;26.297779812314033;61.141374837872895;3.115
2025-08-12 21:49:13;26.02807660028992;62.070649271381704;3.115
2025-08-12 21:59:10;25.63553826199741;62.62607766842145;3.115
2025-08-12 22:09:17;25.46463721675441;61.86923018234531;3.112
2025-08-12 22:19:11;25.069428549629976;63.00144960708019;3.115
2025-08-12 22:29:10;24.813076981765462;64.33203631647211;3.112
2025-08-12 22:39:13;24.631494621194776;63.80560006103609;3.112
2025-08-12 22:49:13;24.444571602960252;63.00450141145953;3.115
2025-08-12 22:59:15;24.23361562523843;64.46021210040436;3.115
2025-08-12 23:09:10;24.09475852597849;65.0110627908751;3.112
2025-08-12 23:19:13;23.907835507743954;65.67330434119172;3.115
2025-08-12 23:29:15;23.542000457770655;67.15648126955062;3.112
2025-08-12 23:39:15;23.443198290989542;67.34416723887999;3.112
2025-08-12 23:49:10;23.387121385519194;69.20729381246662;3.115
2025-08-12 23:59:12;23.301670862897694;68.96925307087815;3.115
2025-08-13 00:09:13;23.06134126802472;69.57045853360799;3.115
2025-08-13 00:19:11;22.962539101243607;70.52719920653087;3.112
2025-08-13 00:29:10;22.922484168764782;70.19150072480355;3.112
2025-08-13 00:39:12;22.43915465018692;71.90814068818189;3.115
2025-08-13 00:49:17;22.32700083924621;71.47936217288472;3.112
2025-08-13 00:59:15;22.356374456397347;72.00427252613107;3.115
2025-08-13 01:09:11;22.10002288853285;72.28351262684062;3.112
2025-08-13 01:19:11;21.902418554970623;73.3501182574197;3.112
2025-08-13 01:29:15;21.7769130998703;74.43961242084383;3.115
2025-08-13 01:39:13;21.67544060425726;74.90653849088274;3.115
2025-08-13 01:49:12;21.576638437476163;74.77378500038148;3.115
2025-08-13 01:59:16;21.451132982375825;75.01029983978027;3.115
2025-08-13 02:09:13;21.338979171435113;74.68375677119097;3.115
2025-08-13 02:19:11;21.125352864881364;75.83276112001221;3.112
2025-08-13 02:29:11;20.92774853131914;76.08148317692836;3.117
2025-08-13 02:39:14;20.759517814908065;76.69947356374456;3.115
2025-08-13 02:49:12;20.529869535362778;78.08651865415428;3.115
2025-08-13 02:59:14;20.503166247043566;77.70199130235751;3.112
2025-08-13 03:09:12;20.39101243610284;79.19432364385443;3.115
2025-08-13 03:19:13;20.27885862516213;78.43289845120928;3.117
2025-08-13 03:29:15;20.26283665217059;79.29503318837263;3.112
2025-08-13 03:39:13;20.067902647440306;79.04631113145648;3.115
2025-08-13 03:49:12;19.93705653467613;79.40794995040818;3.115
2025-08-13 03:59:16;19.867627985046155;79.79858091096361;3.115
2025-08-13 04:09:12;19.768825818265043;80.79194323643854;3.115
2025-08-13 04:19:09;19.584573128862445;79.8794537270161;3.115
2025-08-13 04:29:12;19.544518196383606;80.72632944228275;3.112
2025-08-13 04:39:12;19.488441290913258;80.7034409094377;3.115
2025-08-13 04:49:17;19.370946822308696;81.05592431525139;3.115
2025-08-13 04:59:14;19.30151827267872;81.38094148165102;3.115
2025-08-13 05:19:15;19.090562294956896;81.7837796597238;3.112
2025-08-13 05:29:14;19.005111772335397;82.20492866407264;3.115
2025-08-13 05:39:13;18.922331578545815;82.32394903486687;3.115
2025-08-13 05:49:12;18.836881055924316;82.97398336766614;3.112
2025-08-13 05:59:12;18.778133821622035;81.74715800717173;3.117
2025-08-13 06:09:13;18.679331654840922;82.96635385671779;3.112
2025-08-13 06:19:10;18.580529488059817;82.32089723048753;3.115
2025-08-13 06:29:12;18.48439765011063;81.98214694438086;3.115
2025-08-13 06:39:14;18.596551461051348;83.15861753261616;3.115
2025-08-13 06:49:12;18.652628366521704;82.29648279545282;3.115
2025-08-13 06:59:13;18.695353627832453;82.31479362172885;3.115
2025-08-13 07:09:11;18.722056916151672;82.33005264362555;3.112
2025-08-13 07:19:12;18.778133821622035;81.4373998626688;3.115
2025-08-13 07:29:17;18.908979934386203;80.63019760433356;3.112
2025-08-13 07:39:10;19.25879301136797;79.65514610513466;3.115
2025-08-13 07:49:09;19.47241931792172;78.51682307164111;3.115
2025-08-13 07:59:12;19.726100556954293;77.34798199435416;3.117
2025-08-13 08:09:13;20.180056458381017;76.78187228198672;3.117
2025-08-13 08:19:14;20.55924315251393;75.88464179446098;3.117
2025-08-13 08:29:09;20.815594720378428;76.00671396963455;3.115
2025-08-13 08:39:11;20.954451819638365;74.97215228503853;3.115
2025-08-13 08:49:16;21.224155031662477;71.76623178454261;3.112
2025-08-13 08:59:10;21.421759365224688;71.99664301518273;3.115
2025-08-13 09:09:12;21.958495460440986;72.09735255970092;3.115
2025-08-13 09:19:14;22.45517662317846;71.3649195086595;3.115
2025-08-13 09:29:17;23.034637979705508;69.94583047226672;3.112
2025-08-13 09:39:14;23.640802624551768;68.8059815365835;3.115
2025-08-13 09:49:09;24.27634088654918;67.3640039673457;3.112
2025-08-13 09:59:16;24.68757152666514;65.27046616311894;3.112
2025-08-13 10:09:13;24.417868314641026;67.28465705348287;3.112
2025-08-13 10:29:10;25.197604333562225;66.33401998931869;3.115
2025-08-13 10:39:20;25.197604333562225;67.19005111772336;3.115
2025-08-13 10:49:13;25.60616464484626;62.355992980849926;3.115
2025-08-13 10:59:15;25.915922789349196;61.017776760509655;3.112
2025-08-13 11:09:11;26.28442816815442;59.58190280003052;3.115
2025-08-13 11:19:15;26.594186312657357;54.92179751277943;3.115
2025-08-13 11:29:11;26.96269169146258;54.54489967193103;3.115
2025-08-13 11:39:14;27.173647669184405;59.52544441901274;3.115
2025-08-13 11:59:15;27.49942778667888;55.382619974059665;3.112
2025-08-13 12:09:16;27.723735408560316;54.32974746318761;3.115
2025-08-13 12:39:12;28.61562523842221;52.76874952315556;3.112
2025-08-13 12:49:13;28.54619668879225;54.78904402227817;3.115
2025-08-13 12:59:15;28.813229571984436;52.0180056458381;3.112
2025-08-13 13:09:11;29.09628442816816;47.234302281223776;3.112
2025-08-13 13:19:10;29.42206454566262;45.7602807660029;3.112
2025-08-13 13:29:11;29.55024032959487;45.902189669642176;3.112
2025-08-13 13:39:14;29.929427023727783;43.906309605554284;3.112
2025-08-13 13:49:10;29.961470969710845;43.247119859617;3.115
2025-08-13 13:59:09;29.974822613870444;43.88494697489891;3.115
2025-08-13 14:09:11;30.12970168612192;44.24963759822995;3.112
2025-08-13 14:19:11;30.04425116350042;42.951094834821085;3.112
2025-08-13 14:29:15;30.297932402532993;40.5828946364538;3.115
2025-08-13 14:39:16;30.653086137178605;41.08186465247578;3.115
2025-08-13 14:49:16;30.47951476310368;44.4983596551461;3.115
2025-08-13 14:59:14;30.946822308690017;42.25986114290074;3.112
2025-08-13 15:09:13;31.512932021057452;43.0060273136492;3.112
2025-08-13 15:29:11;32.49027237354086;37.506675822079806;3.112
2025-08-13 15:49:14;33.000305180437934;35.14000152590219;3.112
2025-08-13 15:59:13;33.06973373006791;35.65270466163119;3.112
2025-08-13 16:09:12;33.15518425268941;32.77332722972457;3.115
2025-08-13 16:19:09;33.36614023041123;32.28809033340963;3.115
2025-08-13 16:29:16;33.35278858625162;33.65529869535363;3.115
2025-08-13 16:39:10;33.45426108186466;33.4355687800412;3.112
2025-08-13 16:49:09;33.52368963149462;34.598306248569465;3.112
2025-08-13 16:59:11;34.01770046540017;33.423361562523844;3.112
2025-08-13 17:19:16;33.90554665445944;34.14206149385824;3.112
2025-08-13 17:29:13;33.93492027161059;35.001144426642256;3.115
2025-08-13 17:39:11;33.93492027161059;35.211718928816666;3.115
2025-08-13 17:49:16;33.87884336614023;36.31952391851682;3.112
2025-08-13 17:59:10;33.82009613183794;34.7371633478294;3.112
2025-08-13 18:09:13;33.82009613183794;33.89486533913176;3.112
2025-08-13 18:19:11;33.593118181124595;33.540856031128406;3.115
2025-08-13 18:29:12;33.41153582055391;32.49256122682536;3.112
2025-08-13 18:49:13;32.856107423514146;35.28191042954147;3.115
2025-08-13 18:59:12;32.6050965133135;34.937056534676124;3.112
2025-08-13 19:09:13;32.22056916151675;39.52697032120241;3.115
2025-08-13 19:19:15;31.868085755703063;36.95582513160906;3.115
2025-08-13 19:29:09;31.755931944762338;37.08552681773099;3.112
2025-08-13 19:39:11;31.67048142214084;37.35866330968185;3.112
2025-08-13 19:59:10;31.315327687495227;38.16128786144808;3.112
2025-08-13 20:09:09;30.989547570000767;39.96032654306859;3.112
2025-08-13 20:19:12;30.554283970397492;41.93484397650111;3.115
2025-08-13 20:29:14;30.156404974441145;43.228809033340966;3.115
2025-08-13 20:39:09;29.747844663157096;42.38803692683299;3.112
2025-08-13 20:49:08;29.563591973754484;41.060502021820405;3.112
2025-08-13 20:59:10;29.363317311360348;42.024872205691615;3.112
2025-08-13 21:09:10;28.644998855573363;44.26489662012665;3.115
2025-08-13 21:29:14;27.58487830930038;47.29381246662089;3.115
2025-08-13 21:49:16;27.032120241092542;50.59891660944533;3.115
2025-08-13 21:59:10;26.722362096589606;52.83283741512169;3.112
2025-08-13 22:09:13;26.468680857557032;54.01998931868467;3.112
2025-08-13 22:19:16;26.228351262684058;55.18272678721294;3.115
2025-08-13 22:29:10;25.92927443350881;55.841916533150226;3.115
2025-08-13 22:39:10;25.56343938353551;56.638437476157776;3.115
2025-08-13 22:49:13;25.197604333562225;58.50156404974441;3.112
2025-08-13 22:59:15;24.911879148546575;59.53154802777142;3.112
2025-08-13 23:09:13;24.674219882505525;60.816357671473256;3.112
2025-08-13 23:19:12;24.404516670481428;61.608300907911804;3.112
2025-08-13 23:29:10;24.319066147859928;60.949111161974514;3.112
2025-08-13 23:39:13;24.289692530708777;58.08957045853361;3.112
2025-08-13 23:49:15;24.476615548943315;54.976729991607534;3.115
2025-08-13 23:59:12;25.267032883192186;52.20569161516747;3.115
2025-08-14 00:09:10;25.67826352330816;50.76371404592965;3.115
2025-08-14 00:19:10;26.32715342946517;48.36194399938964;3.115
2025-08-14 00:29:11;27.20302128633554;45.71450370031281;3.112
2025-08-14 00:39:12;27.555504692149228;45.783169298847945;3.112
2025-08-14 00:49:14;27.357900358587017;46.02578774700542;3.115
2025-08-14 00:59:10;27.160296025024792;46.34775310902571;3.112
2025-08-14 01:09:09;26.77843900205997;47.30296787975891;3.115
2025-08-14 01:19:09;26.468680857557032;48.40772106507973;3.115
2025-08-14 01:29:16;26.158922713054096;49.23018234531167;3.115
2025-08-14 01:39:14;26.116197451743346;49.619287403677426;3.112
2025-08-14 01:49:10;25.902571145189597;50.960555428397036;3.112
2025-08-14 01:59:09;25.622186617837798;52.03631647211414;3.115
2025-08-14 02:09:12;25.547417410543986;52.35217822537575;3.115
2025-08-14 02:19:14;25.34981307698176;54.79819943541619;3.115
2025-08-14 02:29:15;25.112153810940725;54.57389181353475;3.112
2025-08-14 02:39:16;25.197604333562225;54.14206149385824;3.112
2025-08-14 02:49:10;25.197604333562225;52.677195391775385;3.115
2025-08-14 02:59:13;25.662241550316622;49.44228274967575;3.112
2025-08-14 03:09:12;25.774395361257348;48.836499580376895;3.115
2025-08-14 03:19:15;25.662241550316622;48.415350576028075;3.115
2025-08-14 03:29:15;26.28442816815442;45.47341115434501;3.115
2025-08-14 03:39:08;26.313801785305557;45.97085526817731;3.115
2025-08-14 03:49:15;25.902571145189597;47.875181200885024;3.112
2025-08-14 03:59:12;25.39253833829251;49.72152285038529;3.115
2025-08-14 04:09:09;25.026703288319226;51.11314564736401;3.115
2025-08-14 04:19:09;24.799725337605864;52.07751583123522;3.115
2025-08-14 04:29:13;24.575417715724427;54.093232623788815;3.115
2025-08-14 04:39:11;24.262989242389565;55.48027771419852;3.112
2025-08-14 04:49:12;24.078736552986953;56.6521705958648;3.115
2025-08-14 04:59:10;23.907835507743954;57.607385366598;3.112
2025-08-14 05:09:11;23.328374151216906;60.019836728465705;3.112
2025-08-14 05:19:12;23.24559395742733;60.53864347295338;3.115
2025-08-14 05:29:15;23.20286869611658;61.21461814297704;3.112
2025-08-14 05:39:12;23.034637979705508;61.608300907911804;3.115
2025-08-14 05:49:10;22.748912794689858;61.95773250934615;3.115
2025-08-14 05:59:11;22.594033722438397;63.01365682459755;3.115
2025-08-14 06:09:08;21.97451743343251;65.9357595178149;3.115
2025-08-14 06:19:14;21.763561455710686;66.1127641718166;3.115
2025-08-14 06:29:14;21.549935149156937;67.7256427862974;3.112
2025-08-14 06:39:15;21.421759365224688;67.91332875562676;3.115
2025-08-14 06:49:13;21.408407721065075;68.41229877164874;3.112
2025-08-14 06:59:16;21.322957198443575;69.44075684748607;3.112
2025-08-14 07:09:09;21.138704509040977;69.62844281681544;3.112
2025-08-14 07:19:14;21.069275959411;70.67673762111849;3.112
2025-08-14 07:29:13;21.039902342259865;71.72503242542153;3.112
2025-08-14 07:39:13;20.954451819638365;71.0933089188983;3.115
2025-08-14 07:49:08;21.338979171435113;71.59838254367895;3.112
2025-08-14 07:59:14;21.73418783855955;71.02922102693218;3.115
2025-08-14 08:09:10;21.747539482719162;69.01960784313725;3.112
2025-08-14 08:19:11;22.07064927138171;68.22461280231937;3.115
2025-08-14 08:29:13;22.48187991149767;67.19920653086137;3.115
2025-08-14 08:39:12;22.879758907454033;69.65285725185015;3.115
2025-08-14 08:49:10;23.571374074921792;67.39147020675975;3.115
2025-08-14 08:59:15;24.305714503700315;66.1676966506447;3.117
2025-08-14 09:09:08;24.444571602960252;64.72114137483787;3.115
2025-08-14 09:19:14;24.674219882505525;63.74761577782864;3.115
2025-08-14 09:29:15;24.954604409857325;63.58129243915465;3.112
2025-08-14 09:39:09;25.069428549629976;65.10566872663462;3.112
2025-08-14 09:49:08;25.40856031128405;63.646906233310446;3.112
2025-08-14 10:09:11;26.313801785305557;58.75181200885023;3.115
2025-08-14 10:19:13;26.32715342946517;59.896238651102465;3.115
2025-08-14 10:29:09;25.92927443350881;60.23956664377813;3.112
2025-08-14 10:39:12;26.07080186160067;61.38551918822004;3.112
2025-08-14 10:49:10;26.695658808270395;58.38101777676051;3.115
2025-08-14 10:59:11;26.56481269550622;56.897840848401614;3.115
2025-08-14 11:09:13;27.032120241092542;54.00015259021897;3.112
2025-08-14 11:19:11;27.232394903486693;51.49309529259175;3.115
2025-08-14 11:29:10;27.512779430838478;50.97428854810406;3.115
2025-08-14 11:39:14;27.667658503089953;48.72205691615167;3.112
2025-08-14 11:49:11;28.092240787365526;48.43366140230411;3.115
2025-08-14 12:09:11;28.23376821545739;46.662088960097655;3.115
2025-08-14 12:19:09;28.276493476768138;44.69520103761349;3.112
2025-08-14 12:29:09;28.361943999389638;45.230792706187536;3.11
2025-08-14 12:39:08;28.490119783321887;46.04104676890211;3.115
2025-08-14 12:59:13;29.208438239108872;44.873731593804834;3.112
2025-08-14 13:09:09;29.406042572671097;42.67032883192187;3.115
2025-08-14 13:19:07;29.761196307316695;38.980697337300676;3.112
2025-08-14 13:29:10;29.859998474097807;40.53406576638437;3.115
2025-08-14 13:39:10;30.255207141222243;41.42977035172046;3.115
2025-08-14 13:49:15;30.439459830624855;40.80720225833524;3.112
2025-08-14 13:59:12;30.47951476310368;41.95620660715648;3.112
2025-08-14 14:09:11;30.580987258716718;40.55542839703975;3.115
2025-08-14 14:19:13;30.597009231708242;41.07728694590677;3.115
2025-08-14 14:29:13;30.495536736095218;43.00144960708019;3.115
2025-08-14 14:39:12;30.666437781338217;40.1205462729839;3.112
2025-08-14 14:49:11;30.751888303959717;41.567101548790724;3.115
2025-08-14 14:59:09;30.77859159227893;39.48882276646067;3.115
2025-08-14 15:09:13;30.976195925841154;41.12916762035554;3.115
2025-08-14 15:19:12;31.061646448462653;39.19737544823377;3.115
2025-08-14 15:39:12;31.301976043335628;40.396734569314106;3.115
2025-08-14 15:49:14;31.58503089951934;38.99900816357671;3.112
2025-08-14 15:59:07;31.68383306630045;39.83367666132601;3.112
2025-08-14 16:09:09;31.657129777981226;41.022354467078664;3.115
2025-08-14 16:19:10;31.45685511558709;39.71313038834211;3.115
2025-08-14 16:29:11;31.62775616083009;39.46593423361563;3.115
2025-08-14 16:39:12;31.894789044022275;42.825970855268174;3.115
2025-08-14 16:49:08;31.713206683451588;40.74921797512779;3.115
2025-08-14 16:59:11;32.506294346532385;39.557488364995805;3.112
2025-08-14 17:09:12;32.33272297245746;39.94659342336156;3.115
2025-08-14 17:19:11;32.44754711223011;38.5824368657969;3.115
2025-08-14 17:39:13;32.829404135194935;36.10894941634241;3.115
2025-08-14 17:49:09;33.06973373006791;35.69390402075227;3.112
2025-08-14 17:59:09;33.141832608529796;34.53421835660334;3.115
2025-08-14 18:09:13;33.085755703059434;35.12169069962616;3.115
2025-08-14 18:19:10;33.043030441748684;35.57946135652705;3.115
2025-08-14 18:29:15;32.64515144579232;35.82513160906386;3.112
2025-08-14 18:39:13;32.47692072938125;36.79102769512474;3.112
2025-08-14 18:49:13;32.16449225604639;38.904402227817194;3.112
2025-08-14 18:59:09;32.052338445105676;37.53414206149386;3.115
2025-08-14 19:09:12;32.006942854963;37.8789959563592;3.112
2025-08-14 19:19:11;31.924162661173412;39.11955443656062;3.112
2025-08-14 19:29:13;31.68383306630045;41.44502937361715;3.115
2025-08-14 19:39:14;31.32867933165484;42.09353780422675;3.115
2025-08-14 19:49:10;31.232547493705653;42.09353780422675;3.112
2025-08-14 19:59:08;31.09102006561379;41.42214084077211;3.112
2025-08-14 20:09:12;30.890745403219654;42.949568932631415;3.112
2025-08-14 20:19:14;30.538261997405968;44.50598916609445;3.115
2025-08-14 20:29:12;30.04425116350042;44.58838788433661;3.112
2025-08-14 20:39:11;29.718471046005945;46.9413290608072;3.112
2025-08-14 20:49:08;29.15236133363851;48.09948882276646;3.115
2025-08-14 20:59:11;28.839932860303648;50.07248035400931;3.112
2025-08-14 21:09:13;28.46074616617075;52.042420080872816;3.112
2025-08-14 21:29:11;27.73975738155184;53.208209353780425;3.112
2025-08-14 21:39:14;27.400625619897767;52.765697718776224;3.115
2025-08-14 21:49:08;27.186999313344018;53.26771953917754;3.115
2025-08-14 21:59:15;27.061493858243693;54.27634088654917;3.112
2025-08-14 22:09:09;26.90661478599222;53.87350270847639;3.115
2025-08-14 22:29:08;26.508735790035857;54.24887464713512;3.115
2025-08-14 22:39:12;26.409933623254744;57.15419241626612;3.112
2025-08-14 22:49:11;25.98535133897917;58.87235828183413;3.115
2025-08-14 22:59:08;25.817120622568098;58.46799420157168;3.115
2025-08-14 23:09:08;25.64888990615701;58.93186846723125;3.115
2025-08-14 23:19:11;25.32310978866255;59.603265430685894;3.112
2025-08-14 23:29:09;24.898527504386962;61.2619211108568;3.112
2025-08-14 23:39:14;24.562066071564814;62.818341344319826;3.115
2025-08-14 23:49:12;24.404516670481428;62.66727702754253;3.115
2025-08-14 23:59:14;24.34576943617914;62.569619287403675;3.115
2025-08-15 00:09:13;24.078736552986953;63.75219348439765;3.112
2025-08-15 00:19:12;24.10811017013809;62.00198367284657;3.115
2025-08-15 00:29:12;24.305714503700315;58.854047455558096;3.115
2025-08-15 00:39:11;24.332417792019527;57.90035858701457;3.115
2025-08-15 00:49:14;24.15083543144884;58.684672312504766;3.115
2025-08-15 00:59:07;23.85175860227359;60.863660639353014;3.112
2025-08-15 01:09:13;23.79568169680323;61.63729304951553;3.115
2025-08-15 01:19:09;23.558022430762193;62.54367895017929;3.115
2025-08-15 01:29:10;23.472571908140694;62.493324177920194;3.115
2025-08-15 01:39:11;23.360418097199968;63.08384832532235;3.112
2025-08-15 01:49:14;23.216220340276195;63.34935530632487;3.115
2025-08-15 01:59:11;22.879758907454033;65.84878309300373;3.115
2025-08-15 02:09:09;22.692835889219495;64.74860761425192;3.112
2025-08-15 02:19:09;22.61005569542992;65.32692454413672;3.112
2025-08-15 02:29:09;22.38307774471656;64.76234073395895;3.112
2025-08-15 02:39:09;22.46852826733806;64.48462653543908;3.112
2025-08-15 02:49:14;22.270923933775848;65.7801174944686;3.115
2025-08-15 02:59:11;22.21217669947356;65.74654764629587;3.115
2025-08-15 03:09:10;22.129396505683985;64.79896238651102;3.112
2025-08-15 03:29:08;21.662088960097662;64.92256046387426;3.115
2025-08-15 03:39:12;21.491187914854663;65.23537041275654;3.115
2025-08-15 03:49:08;21.4351110093843;65.2124818799115;3.115
2025-08-15 03:59:11;21.266880292973227;65.71908140688181;3.112
2025-08-15 04:09:07;21.138704509040977;66.61173418783856;3.115
2025-08-15 04:19:13;20.941100175478752;66.66666666666667;3.115
2025-08-15 04:29:14;20.79957274738689;66.92759594110018;3.115
2025-08-15 04:49:10;20.64469367513543;67.48607614251927;3.115
2025-08-15 04:59:07;20.39101243610284;67.44029907682918;3.112
2025-08-15 05:09:13;20.318913557640954;68.74494544899672;3.115
2025-08-15 05:19:14;20.137331197070267;69.63302052338445;3.115
2025-08-15 05:39:08;19.93705653467613;70.40360112916763;3.115
2025-08-15 05:49:12;19.712748912794694;70.13809414816511;3.112
2025-08-15 06:09:11;19.501792935072856;71.58770122835126;3.112
2025-08-15 06:19:06;19.459067673762107;72.30334935530632;3.112
2025-08-15 06:29:12;19.445716029602508;72.71839475089646;3.112
2025-08-15 06:39:08;19.25879301136797;73.74380102235446;3.112
2025-08-15 06:49:09;19.245441367208358;74.75547417410544;3.115
2025-08-15 06:59:13;19.18936446173801;75.35667963683528;3.115
2025-08-15 07:09:10;19.245441367208358;74.37705043106737;3.115
2025-08-15 07:19:12;19.314869916838333;74.55863279163806;3.115
2025-08-15 07:29:07;19.27481498435951;76.18677042801556;3.115
2025-08-15 07:39:11;19.400320439459833;76.09369039444572;3.112
2025-08-15 07:49:09;19.683375295643543;74.97672999160754;3.115
2025-08-15 07:59:10;19.811551079575793;73.71633478294041;3.115
2025-08-15 08:09:11;20.067902647440306;73.3043411917296;3.112
2025-08-15 08:19:10;20.39101243610284;71.89593347066453;3.115
2025-08-15 08:29:09;20.617990386816203;71.58922713054093;3.115
2025-08-15 08:39:14;20.88502327000839;70.70878156710155;3.115
2025-08-15 08:49:07;21.253528648813614;69.916838330663;3.115
2025-08-15 08:59:11;21.549935149156937;67.75616083009079;3.112
2025-08-15 09:19:08;22.41245136186771;65.47188525215533;3.112
2025-08-15 09:29:07;22.791638056000608;64.5487144274052;3.115
2025-08-15 09:39:11;23.515297169451443;62.13168535896849;3.112
2025-08-15 09:49:10;24.03868162050813;62.73136491950866;3.115
2025-08-15 09:59:12;24.375143053330277;61.768520637827116;3.112
2025-08-15 10:09:07;24.503318837262526;59.33318074311437;3.112
2025-08-15 10:19:10;24.898527504386962;56.00213626306554;3.115
2025-08-15 10:29:09;25.098802166781113;56.386663614862286;3.115
2025-08-15 10:39:10;25.42191195544366;56.92225528343633;3.112
2025-08-15 10:59:11;25.774395361257348;56.69794766155489;3.115
2025-08-15 11:09:09;25.945296406500347;57.07789730678264;3.115
2025-08-15 11:19:10;26.353856717784396;53.09529259174487;3.112
2025-08-15 11:29:12;26.68230716411078;55.713740749217976;3.112
2025-08-15 11:39:09;26.396581979095146;56.62317845426108;3.112
2025-08-15 11:49:14;26.551461051346607;55.57488364995804;3.115
2025-08-15 11:59:08;26.850537880521856;54.349584191653314;3.112
2025-08-15 12:09:11;27.275120164797443;51.537346456092166;3.112
2025-08-15 12:19:07;27.683680476081477;50.882734416723885;3.112
2025-08-15 12:29:14;27.811856260013727;50.06942854962997;3.115
2025-08-15 12:39:12;27.798504615854128;50.22049286640726;3.112
2025-08-15 12:49:11;28.121614404516677;49.76729991607538;3.115
2025-08-15 12:59:06;28.065537499046314;50.82017242694743;3.115
2025-08-15 13:19:08;28.532845044632637;53.089188982986194;3.115
2025-08-15 13:39:13;29.606317235065234;46.84977492942702;3.115
2025-08-15 13:59:12;29.689097428854808;44.443427176317996;3.112
2025-08-15 14:09:07;29.886701762417033;45.110246433203635;3.112
2025-08-15 14:19:11;30.156404974441145;43.352407110704206;3.115
2025-08-15 14:29:07;30.100328068970782;43.109788662546734;3.115
2025-08-15 14:39:13;30.42343785763333;45.92050049591821;3.112
2025-08-15 14:59:10;31.07766842145419;42.74814984359502;3.112
2025-08-15 15:09:09;31.17647058823529;41.96231021591516;3.115
2025-08-15 15:19:09;31.387426565957128;39.74975204089418;3.115
2025-08-15 15:39:11;31.713206683451588;39.25078202487221;3.112
2025-08-15 15:49:10;31.980239566643775;39.053940642404825;3.115
2025-08-15 15:59:11;31.37140459296559;41.38094148165103;3.112
2025-08-15 16:09:08;30.46616311894408;43.23796444647898;3.112
2025-08-15 16:39:11;29.91607537956817;44.35492484931716;3.112
2025-08-15 16:49:09;29.731822690165558;44.153505760280765;3.112
2025-08-15 16:59:07;29.42206454566262;46.030365453574426;3.115
2025-08-15 17:19:12;29.349965667200735;55.10337987335012;3.115
2025-08-15 17:29:12;29.46478980697337;56.812390325780115;3.112
2025-08-15 17:39:12;29.563591973754484;51.712825207904174;3.112
2025-08-15 17:49:13;29.55024032959487;51.7616540779736;3.112
2025-08-15 17:59:07;28.984130617227436;55.36888685435264;3.112
2025-08-15 18:09:12;28.602273594262613;53.551537346456094;3.115
2025-08-15 18:19:11;28.263141832608525;53.64309147783627;3.112
2025-08-15 18:29:11;28.036163881895177;56.096742198825055;3.115
2025-08-15 18:39:06;27.56885633630884;56.86121919584954;3.112
2025-08-15 18:49:13;27.472724498359653;58.57022964827954;3.115
2025-08-15 18:59:06;27.21904325932708;59.722285801480126;3.115
2025-08-15 19:09:13;27.018768596932944;60.18158236057069;3.115
2025-08-15 19:19:13;26.93331807431143;60.63782711528191;3.115
2025-08-15 19:29:07;27.018768596932944;59.80468451972229;3.11
2025-08-15 19:39:06;27.173647669184405;59.476615548943315;3.115
2025-08-15 19:49:13;27.28847180895704;59.983215075913634;3.115
2025-08-15 19:59:06;27.04814221408408;61.983672846570535;3.115
2025-08-15 20:09:08;26.91996643015183;58.74876020447089;3.115
2025-08-15 20:19:13;26.722362096589606;60.04882887006943;3.115
2025-08-15 20:29:07;26.551461051346607;58.9089799343862;3.112
2025-08-15 20:39:06;26.482032501716645;60.866712443732354;3.115
2025-08-15 20:49:09;26.28442816815442;61.348897535667966;3.112
2025-08-15 20:59:07;25.98535133897917;61.57778286411841;3.112
2025-08-15 21:09:06;25.704966811627372;61.516746776531626;3.115
2025-08-15 21:29:12;24.842450598916614;62.97856107423514;3.115
2025-08-15 21:39:12;24.70092317082475;62.87632562752727;3.112
2025-08-15 21:49:13;24.503318837262526;62.75272755016403;3.115
2025-08-15 21:59:11;24.10811017013809;64.0863660639353;3.112
2025-08-15 22:09:10;23.881132219424728;65.99526970321202;3.112
2025-08-15 22:19:13;23.73960479133288;66.45609216449226;3.112
2025-08-15 22:29:07;23.571374074921792;67.00083924620432;3.115
2025-08-15 22:39:10;23.403143358510718;67.87518120088502;3.115
2025-08-15 22:49:13;23.328374151216906;68.39703974975204;3.115
2025-08-15 22:59:07;23.229571984435793;69.39955748836499;3.115
2025-08-15 23:09:07;22.962539101243607;70.7866025787747;3.115
2025-08-15 23:19:10;22.922484168764782;70.67368581673915;3.112
2025-08-15 23:29:13;22.706187533379108;71.06126497291524;3.115
2025-08-15 23:39:11;22.56733043411917;71.56633859769589;3.115
2025-08-15 23:49:05;22.495231555657284;72.3949034866865;3.115
2025-08-15 23:59:12;22.553978789959558;71.8822003509575;3.115
2025-08-16 00:09:08;22.45517662317846;71.7570763714046;3.115
2025-08-16 00:29:09;22.24155031662471;72.11108567940795;3.115
2025-08-16 00:39:11;22.19882505531396;72.77027542534523;3.112
2025-08-16 00:49:12;22.185473411154348;73.74380102235446;3.112
2025-08-16 00:59:12;22.15609979400321;73.55306324864576;3.115
2025-08-16 01:09:09;21.91844052796216;74.25803006027314;3.112
2025-08-16 01:19:07;21.73418783855955;75.60082398718242;3.11
2025-08-16 01:29:11;21.533913176165413;76.64301518272678;3.112
2025-08-16 01:49:05;21.379034103913938;77.80270084687571;3.115
2025-08-16 01:59:08;21.309605554283976;78.15518425268941;3.112
2025-08-16 02:19:07;20.97047379262989;79.48577096208133;3.115
2025-08-16 02:29:07;20.97047379262989;79.4369420920119;3.112
2025-08-16 02:39:07;20.772869459067678;79.90234225986114;3.115
2025-08-16 02:49:06;20.743495841916527;79.6932936598764;3.112
2025-08-16 02:59:08;20.68741893644618;79.78942549782559;3.115
2025-08-16 03:09:10;20.674067292286566;79.64751659418631;3.115
2025-08-16 03:19:09;20.617990386816203;79.9801632715343;3.115
2025-08-16 03:29:10;20.39101243610284;81.025406271458;3.112
2025-08-16 03:39:05;20.404364080262454;80.89112687876707;3.112
2025-08-16 03:49:11;20.22011139085984;81.42366674296177;3.115
2025-08-16 03:59:12;20.164034485389493;81.74258030060273;3.115
2025-08-16 04:09:09;20.081254291599905;82.09506370641643;3.112
2025-08-16 04:19:11;20.006485084306092;82.12863355458916;3.115
2025-08-16 04:29:11;19.923704890516518;82.8000305180438;3.115
2025-08-16 04:39:11;19.83825436789502;83.13878080415046;3.112
2025-08-16 04:49:06;19.726100556954293;83.30510414282445;3.112
2025-08-16 04:59:09;19.683375295643543;83.20439459830625;3.112
2025-08-16 05:09:12;19.51514457923247;84.26489662012665;3.115
2025-08-16 05:19:09;19.47241931792172;84.00854505226215;3.115
2025-08-16 05:29:11;19.488441290913258;83.5736629282063;3.115
2025-08-16 05:49:09;19.21606775005722;84.956130312047;3.115
2025-08-16 05:59:07;19.18936446173801;85.25825894560158;3.115
2025-08-16 06:09:07;19.202716105897608;85.59243152513923;3.115
2025-08-16 06:19:08;19.133287556267646;85.43678950179293;3.112
2025-08-16 06:29:09;19.18936446173801;84.45258258945601;3.115
2025-08-16 06:39:10;19.005111772335397;85.27656977187762;3.115
2025-08-16 06:59:07;18.991760128175784;85.27351796749828;3.112
2025-08-16 07:09:11;19.10391393911651;85.80758373388265;3.112
2025-08-16 07:19:07;19.047837033646147;86.68192568856337;3.112
2025-08-16 07:29:12;19.202716105897608;85.9006637674525;3.115
2025-08-16 07:39:12;19.47241931792172;84.84321355001144;3.115
2025-08-16 07:59:05;19.97978179598688;83.08079652094301;3.117
2025-08-16 08:09:11;20.26283665217059;83.06248569466698;3.112
2025-08-16 08:19:08;20.73014419775693;82.91599908445869;3.115
2025-08-16 08:29:12;21.16540779736019;82.24612802319372;3.112
2025-08-16 08:39:11;21.58999008163576;80.9597924773022;3.115
2025-08-16 08:59:06;22.41245136186771;79.27061875333791;3.112
2025-08-16 09:09:09;22.778286411840995;77.441062027924;3.115
2025-08-16 09:39:07;23.683527885862517;74.74631876096743;3.115
2025-08-16 10:09:09;24.618142977035177;73.07240405889982;3.115
2025-08-16 10:29:10;24.546044098573276;72.79774166475929;3.112
2025-08-16 10:39:08;25.197604333562225;69.85275043869687;3.11
2025-08-16 10:49:06;25.504692149233236;68.3237964446479;3.115
2025-08-16 11:19:11;25.98535133897917;63.855954833295186;3.112
2025-08-16 11:29:11;26.340505073624783;61.84328984512093;3.112
2025-08-16 11:39:11;26.807812619211106;58.91813534752422;3.112
2025-08-16 11:49:08;27.088197146562905;58.944075684748604;3.112
2025-08-16 11:59:05;27.357900358587017;58.7884336614023;3.115
2025-08-16 12:09:11;27.486076142519266;57.53414206149386;3.115
2025-08-16 12:19:08;27.667658503089953;56.771190966659034;3.115
2025-08-16 12:29:09;27.966735332265202;53.45540550850691;3.112
2025-08-16 12:39:08;28.263141832608525;55.70458533607996;3.115
2025-08-16 13:29:05;29.563591973754484;54.004730296787976;3.115
2025-08-16 13:49:09;29.28053711757076;54.7371633478294;3.115
2025-08-16 13:59:12;29.19508659494926;55.970092317082475;3.115
2025-08-16 14:09:09;29.45143816281376;52.88014038300145;3.115
2025-08-16 14:19:08;29.78789959563592;52.91981383993286;3.115
2025-08-16 14:29:05;30.524910353246355;48.42450598916609;3.115
2025-08-16 14:39:11;30.100328068970782;50.632486457618064;3.115
2025-08-16 14:49:05;30.597009231708242;47.44029907682918;3.112
2025-08-16 14:59:07;31.018921187151903;46.65445944914931;3.115
2025-08-16 15:09:12;30.890745403219654;46.456092164492254;3.115
2025-08-16 15:19:06;31.104371709773403;46.26535439078355;3.112
2025-08-16 15:39:06;30.946822308690017;47.029831387808045;3.112
2025-08-16 15:49:10;30.989547570000767;42.653543907835505;3.115
2025-08-16 15:59:06;31.104371709773403;44.661631189440754;3.112
2025-08-16 16:09:05;31.41412985427634;45.98001068131533;3.115
2025-08-16 16:29:11;30.46616311894408;49.239337758449686;3.11
2025-08-16 16:39:12;30.69314106965743;50.920881971465626;3.112
2025-08-16 16:49:10;30.69314106965743;49.30952925917449;3.115
2025-08-16 16:59:05;31.8120088502327;41.98977645532921;3.115
2025-08-16 17:19:05;31.00289921416038;46.163118944075684;3.11
2025-08-16 17:29:12;30.848020141908904;45.780117494468605;3.112
2025-08-16 17:39:10;30.79194323643854;43.84679942015717;3.112
2025-08-16 17:49:10;30.946822308690017;41.53200579842832;3.112
2025-08-16 17:59:05;30.989547570000767;41.898222323949035;3.112
2025-08-16 18:09:08;30.890745403219654;36.37445639734493;3.112
2025-08-16 18:19:11;30.976195925841154;36.563668268863964;3.115
2025-08-16 18:39:10;30.610360875867855;36.52704661631189;3.115
2025-08-16 18:49:09;30.354009308003356;36.978713664454105;3.115
2025-08-16 18:59:09;30.255207141222243;37.16334782940414;3.115
2025-08-16 19:09:08;30.100328068970782;38.1353475242237;3.115
2025-08-16 19:19:05;29.886701762417033;37.22590981918059;3.11
2025-08-16 19:29:09;29.731822690165558;37.08552681773099;3.112
2025-08-16 19:39:12;29.50751506828412;40.01068131532769;3.115
2025-08-16 19:49:09;29.13900968947891;41.2619211108568;3.112
2025-08-16 19:59:04;28.74380102235446;39.9298084992752;3.11
2025-08-16 20:09:10;28.5034714274815;40.45929655909056;3.112
2025-08-16 20:19:06;28.276493476768138;48.90516517891203;3.115
2025-08-16 20:29:06;27.881284809643702;49.96414129854276;3.112
2025-08-16 20:39:11;27.897306782635226;51.30846112764172;3.112
2025-08-16 20:49:08;27.667658503089953;51.914244296940566;3.112
2025-08-16 20:59:09;27.032120241092542;54.23514152742809;3.115
2025-08-16 21:09:05;26.722362096589606;56.098268101014725;3.115
2025-08-16 21:19:12;26.409933623254744;57.83779659723812;3.112
2025-08-16 21:29:10;25.958648050659946;59.32860303654536;3.11
2025-08-16 21:39:10;25.73434042877851;60.37842374303807;3.115
2025-08-16 21:59:08;25.83314259555962;60.01068131532769;3.112
2025-08-16 22:09:11;25.92927443350881;59.732967116807814;3.115
2025-08-16 22:19:08;25.83314259555962;60.91401541161211;3.11
2025-08-16 22:39:09;25.579461356527048;62.8549629968719;3.115
2025-08-16 22:49:12;25.34981307698176;64.17334248874647;3.115
2025-08-16 22:59:10;25.2803845273518;65.51918822003509;3.112
2025-08-16 23:09:09;25.154879072251475;65.6794079499504;3.11
2025-08-16 23:19:09;25.013351644159613;66.32028686961166;3.112
2025-08-16 23:29:12;24.925230792706188;66.10818646524758;3.115
2025-08-16 23:49:08;24.7436484321355;65.1163500419623;3.115
2025-08-16 23:59:10;24.588769359884026;64.17792019531548;3.112
2025-08-17 00:09:06;24.43121995880064;65.02479591058213;3.112
2025-08-17 00:19:10;24.332417792019527;65.52834363317311;3.112
2025-08-17 00:29:06;24.206912336919203;65.52681773098344;3.115
2025-08-17 00:39:07;24.06538490882734;66.17380025940338;3.115
2025-08-17 00:49:08;23.907835507743954;67.23125047684444;3.112
2025-08-17 00:59:10;23.79568169680323;67.60204470893416;3.115
2025-08-17 01:09:10;23.627450980392155;68.67780575265125;3.115
2025-08-17 01:19:10;23.45922026398108;69.54299229419394;3.115
2025-08-17 01:29:07;23.315022507057293;70.49362935835813;3.112
2025-08-17 01:39:04;23.20286869611658;71.450370031281;3.112
2025-08-17 01:49:10;23.034637979705508;72.10498207064927;3.112
2025-08-17 01:59:06;22.978561074235145;72.26672770275425;3.112
2025-08-17 02:09:10;22.850385290302896;72.69245441367208;3.11
2025-08-17 02:19:11;22.706187533379108;73.42336156252384;3.112
2025-08-17 02:29:07;22.52460517280842;74.16189822232396;3.112
2025-08-17 02:39:10;22.356374456397347;74.66544594491494;3.115
2025-08-17 02:49:09;22.24155031662471;75.70458533607996;3.112
2025-08-17 02:59:09;22.21217669947356;75.97619592584115;3.115
2025-08-17 03:09:04;22.270923933775848;76.4614328221561;3.115
2025-08-17 03:19:11;22.21217669947356;76.37903410391394;3.115
2025-08-17 03:29:04;22.07064927138171;75.55046921492333;3.112
2025-08-17 03:39:11;21.958495460440986;74.12375066758221;3.115
2025-08-17 03:49:08;21.790264744029912;73.16853589684901;3.115
2025-08-17 03:59:11;21.576638437476163;73.89028763256275;3.115
2025-08-17 04:09:08;21.451132982375825;74.69291218432899;3.115
2025-08-17 04:19:10;21.266880292973227;75.90600442511635;3.115
2025-08-17 04:29:06;21.138704509040977;75.90600442511635;3.112
2025-08-17 04:39:06;21.152056153200576;76.35004196231021;3.115
2025-08-17 04:49:07;21.082627603570614;76.74067292286564;3.112
2025-08-17 04:59:05;21.02655069810025;77.0244907301442;3.115
2025-08-17 05:09:04;20.983825436789502;76.82612344548714;3.115
2025-08-17 05:19:07;20.941100175478752;76.79560540169375;3.112
2025-08-17 05:29:09;20.786221103227277;77.01533531700618;3.112
2025-08-17 05:39:04;20.743495841916527;77.1648737315938;3.112
2025-08-17 05:49:06;20.64469367513543;77.32967116807812;3.112
2025-08-17 05:59:08;20.489814602883953;77.80727855344472;3.115
2025-08-17 06:09:10;20.51651789120318;78.29251544975968;3.112
2025-08-17 06:19:11;20.55924315251393;78.22384985122454;3.112
2025-08-17 06:29:08;20.503166247043566;77.75234607461661;3.112
2025-08-17 06:39:10;20.58594644083314;77.03669794766155;3.115
2025-08-17 06:49:07;20.60196841382468;76.77119096665903;3.112
2025-08-17 06:59:05;20.55924315251393;76.24170290684367;3.112
2025-08-17 07:09:08;20.572594796673528;75.56878004119936;3.112
2025-08-17 07:19:11;20.617990386816203;75.51842526894026;3.115
2025-08-17 07:29:09;20.703440909437703;74.74326695658809;3.112
2025-08-17 07:39:05;20.79957274738689;73.96353093766689;3.115
2025-08-17 07:49:09;20.97047379262989;73.91317616540779;3.115
2025-08-17 08:09:08;21.408407721065075;73.12123292896925;3.112
2025-08-17 08:19:04;21.646066987106124;72.33539330128939;3.112
2025-08-17 08:29:10;21.91844052796216;70.87510490577554;3.115
2025-08-17 08:39:07;22.030594338902873;70.61264972915237;3.115
2025-08-17 08:49:04;22.19882505531396;69.67116807812619;3.115
2025-08-17 08:59:07;22.343022812237734;68.08575570305943;3.115
2025-08-17 09:09:05;22.225528343633172;66.4744029907683;3.112
2025-08-17 09:19:05;22.300297550926985;65.74349584191653;3.115
2025-08-17 09:29:04;22.36972610055696;66.54917219806211;3.115
2025-08-17 09:39:04;22.42580300602731;66.52628366521706;3.112
2025-08-17 09:59:11;22.537956816968034;67.72411688410773;3.115
2025-08-17 10:09:08;22.679484245059896;66.15548943312734;3.112
2025-08-17 10:19:04;22.991912718394744;65.16517891203173;3.115
2025-08-17 10:29:06;23.047989623865107;64.87220569161516;3.115
2025-08-17 10:39:06;23.429846646829944;65.62294956893263;3.112
2025-08-17 10:49:04;23.670176241702904;64.02532997634852;3.112
2025-08-17 10:59:07;23.571374074921792;62.862592507820246;3.115
2025-08-17 11:09:09;23.69687953002213;62.92820630197604;3.112
2025-08-17 11:19:05;24.009308003356992;59.4674601358053;3.112
2025-08-17 11:29:05;24.375143053330277;59.70550087739376;3.112
2025-08-17 11:39:05;24.503318837262526;57.70504310673686;3.11
2025-08-17 11:49:08;24.64484626535439;57.20149538414588;3.112
2025-08-17 11:59:06;25.013351644159613;57.4517433432517;3.112
2025-08-17 12:09:07;25.082780193789574;56.92530708781567;3.115
2025-08-17 12:19:06;24.898527504386962;58.33524071107042;3.112
2025-08-17 12:29:06;25.32310978866255;58.75791561760891;3.112
2025-08-17 12:39:10;25.59281300068666;57.78286411841001;3.115
2025-08-17 12:49:04;25.662241550316622;57.63027389944305;3.11
2025-08-17 13:09:09;25.59281300068666;58.312352178225375;3.11
2025-08-17 13:29:03;25.718318455786985;57.676050965133136;3.112
2025-08-17 13:39:05;25.747692072938122;58.11551079575799;3.115
2025-08-17 13:49:05;25.915922789349196;57.685206378271154;3.115
2025-08-17 13:59:06;26.21499961852446;58.21774624246586;3.115
2025-08-17 14:09:08;26.32715342946517;56.21118486305028;3.115
2025-08-17 14:29:08;26.738384069581144;55.1094834821088;3.11
2025-08-17 14:39:07;26.594186312657357;54.52201113908598;3.115
2025-08-17 14:49:05;26.989394979781792;54.44113832303349;3.115
2025-08-17 14:59:05;27.04814221408408;53.56527046616312;3.112
2025-08-17 15:19:03;27.56885633630884;50.53482871747921;3.115
2025-08-17 15:29:05;27.624933241779203;50.669108110170136;3.11
2025-08-17 15:39:10;27.49942778667888;50.44785229266804;3.112
2025-08-17 15:49:06;27.69703212024109;49.161516746776535;3.112
2025-08-17 15:59:07;27.753109025711453;47.29076066224155;3.11
2025-08-17 16:09:06;27.73975738155184;47.14732585641261;3.112
2025-08-17 16:19:06;28.20439459830625;49.06233310444801;3.115
2025-08-17 16:29:07;28.14831769283589;47.789730678263524;3.115
2025-08-17 16:39:10;28.108262760357064;46.21042191195544;3.112
2025-08-17 16:49:11;28.23376821545739;45.22926680399787;3.115
2025-08-17 16:59:09;29.05355916685741;44.21301594567788;3.112
2025-08-17 17:09:09;28.516823071641113;46.80094605935759;3.112
2025-08-17 17:19:08;28.490119783321887;45.656519417105365;3.112
2025-08-17 17:29:08;28.276493476768138;48.72663462272068;3.112
2025-08-17 17:39:07;27.924010070954452;49.15236133363852;3.11
2025-08-17 17:49:10;27.854581521324477;51.86388952468147;3.112
2025-08-17 18:09:11;27.472724498359653;53.48744945448997;3.11
2025-08-17 18:19:05;27.317845426108192;53.1090257114519;3.115
2025-08-17 18:29:08;27.24574654764629;53.81857022964828;3.11
2025-08-17 18:39:04;27.061493858243693;54.28854810406653;3.115
2025-08-17 18:49:07;26.86388952468147;55.259021896696424;3.11
2025-08-17 18:59:05;26.893263141832605;54.16647592889296;3.115
2025-08-17 19:09:05;26.738384069581144;54.14358739604791;3.112
2025-08-17 19:19:09;26.623559929808494;55.58556496528573;3.11
2025-08-17 19:29:05;26.468680857557032;55.06828412298772;3.11
2025-08-17 19:39:09;26.25772487983521;54.303807125963225;3.115
2025-08-17 19:49:10;26.12954909590296;52.66346227206836;3.112
2025-08-17 19:59:03;26.02807660028992;53.49355306324865;3.112
2025-08-17 20:09:06;25.747692072938122;55.32005798428321;3.112
2025-08-17 20:19:05;25.52071412222476;51.9325551232166;3.115
2025-08-17 20:29:08;25.34981307698176;50.05874723430228;3.112
2025-08-17 20:39:04;25.181582360570687;52.2392614633402;3.112
2025-08-17 20:49:04;24.997329671168075;53.18532082093538;3.115
2025-08-17 20:59:06;24.842450598916614;53.3501182574197;3.11
2025-08-17 21:09:04;24.60212100404364;52.87861448081178;3.112
2025-08-17 21:19:03;24.417868314641026;51.99664301518273;3.112
2025-08-17 21:29:05;24.27634088654918;51.587701228351264;3.115
2025-08-17 21:39:10;24.09475852597849;51.34660868238346;3.115
2025-08-17 21:49:08;23.907835507743954;51.55718318455787;3.112
2025-08-17 21:59:04;23.71023117418173;50.55924315251392;3.115
2025-08-17 22:19:08;23.403143358510718;50.72861829556725;3.112
2025-08-17 22:29:08;23.216220340276195;52.718394750896465;3.112
2025-08-17 22:39:04;22.935835812924395;51.30388342107271;3.11
2025-08-17 22:49:03;22.764934767681396;51.31761654077974;3.11
2025-08-17 22:59:10;22.537956816968034;51.419851987487604;3.112
2025-08-17 23:09:04;22.41245136186771;51.46562905317769;3.112
2025-08-17 23:19:04;22.270923933775848;52.133974212252994;3.112
2025-08-17 23:29:03;22.11337453269246;52.64515144579232;3.112
2025-08-17 23:39:09;21.958495460440986;53.04951552605478;3.115
2025-08-17 23:49:07;21.720836194399936;53.76668955519951;3.112
2025-08-17 23:59:05;21.533913176165413;53.94674601358053;3.112
2025-08-18 00:09:10;21.28290226596475;55.02708476386664;3.112
2025-08-18 00:19:04;21.138704509040977;55.5016403448539;3.115
2025-08-18 00:29:06;21.152056153200576;55.631342030975816;3.112
2025-08-18 00:39:05;21.266880292973227;55.54436560616465;3.112
2025-08-18 00:49:05;21.16540779736019;56.684214541847865;3.112
2025-08-18 00:59:10;21.053253986419477;58.17654688334478;3.11
2025-08-18 01:09:03;20.79957274738689;58.87083237964446;3.112
2025-08-18 01:19:03;20.73014419775693;58.71976806286717;3.112
2025-08-18 01:39:05;20.34828717479209;58.62973983367666;3.115
2025-08-18 01:49:07;19.923704890516518;60.58899824521248;3.115
2025-08-18 01:59:05;19.755474174105444;61.690699626153965;3.115
2025-08-18 02:09:10;19.528496223392082;62.484168764782176;3.115
2025-08-18 02:19:08;19.445716029602508;64.64484626535439;3.115
2025-08-18 02:29:07;19.34424353398947;64.6845197222858;3.115
2025-08-18 02:39:05;19.133287556267646;65.42153047989623;3.112
2025-08-18 02:59:10;18.879606317235066;65.92507820248721;3.112
2025-08-18 03:09:04;18.79148546578164;65.88998245212481;3.112
2025-08-18 03:19:03;18.991760128175784;66.21347371633479;3.112
2025-08-18 03:29:05;18.866254673075453;65.92202639810787;3.112
2025-08-18 03:39:03;18.217364766918443;68.38025482566567;3.11
2025-08-18 03:49:05;18.05981536583505;70.18844892042421;3.112
2025-08-18 03:59:09;18.244068055237662;73.54848554207675;3.112
2025-08-18 04:09:07;19.119935912108033;71.43663691157397;3.11
2025-08-18 04:19:06;19.528496223392082;70.11520561532006;3.112
2025-08-18 04:29:07;19.670023651483945;69.65133134966048;3.115
2025-08-18 04:39:06;19.683375295643543;69.3690394445716;3.112
2025-08-18 04:49:09;19.627298390173195;68.9921416037232;3.115
2025-08-18 04:59:10;19.55786984054322;69.17219806210421;3.112
2025-08-18 05:09:03;19.459067673762107;69.33089188982986;3.112
2025-08-18 05:29:10;19.27481498435951;69.39955748836499;3.112
2025-08-18 05:39:03;19.176012817578396;69.51400015259021;3.112
2025-08-18 05:49:03;19.034485389486534;69.68337529564354;3.115
2025-08-18 05:59:09;18.93568322270542;69.79781795986877;3.112
2025-08-18 06:09:02;18.879606317235066;69.7657740138857;3.115
2025-08-18 06:19:04;18.79148546578164;70.08621347371634;3.115
2025-08-18 06:29:09;18.708705271992066;70.19302662699322;3.112
2025-08-18 06:49:07;18.44167238879988;70.937666895552;3.112
2025-08-18 06:59:05;18.385595483329517;71.12993057145037;3.112
2025-08-18 07:09:02;18.35622186617838;71.72198062104219;3.112
2025-08-18 07:29:04;18.455024032959486;71.70214389257649;3.11
2025-08-18 07:39:08;18.679331654840922;71.18486305027848;3.115
2025-08-18 07:49:09;18.778133821622035;70.43869687953003;3.112
2025-08-18 07:59:10;19.005111772335397;69.48348210879682;3.11
2025-08-18 08:09:07;19.25879301136797;68.91584649423972;3.112
2025-08-18 08:19:07;19.544518196383606;68.67170214389257;3.115
2025-08-18 08:29:06;19.683375295643543;68.17425803006027;3.112
2025-08-18 08:39:09;19.966430151827268;67.7759975585565;3.112
2025-08-18 08:49:02;20.094605935759517;66.55680170901046;3.112
2025-08-18 08:59:09;20.27885862516213;64.5334554055085;3.115
2025-08-18 09:09:02;20.460440985732816;63.87884336614023;3.115
2025-08-18 09:19:09;20.617990386816203;63.32646677347982;3.112
2025-08-18 09:29:07;20.815594720378428;63.947508964675364;3.11
2025-08-18 09:39:09;20.898374914168002;64.13519493400473;3.112
2025-08-18 09:49:07;21.16540779736019;62.656595712214845;3.115
2025-08-18 09:59:06;21.379034103913938;62.67490653849088;3.115
2025-08-18 10:09:08;21.5205615320058;62.365148393987944;3.115
2025-08-18 10:19:04;21.646066987106124;63.22423132677196;3.115
2025-08-18 10:29:04;21.80361638818951;62.149996185244525;3.115
2025-08-18 10:39:05;21.646066987106124;63.439383535515375;3.112
2025-08-18 10:49:03;22.01457236591135;61.57167925535973;3.112
2025-08-18 10:59:05;22.270923933775848;61.79293507286183;3.112